District,Block,Gram Panchayat,Village,Beneficiary_Count
Koraput,BANDHUGAON,BANDHUGAM,DASINI,11
Koraput,BANDHUGAON,BANDHUGAM,ELANGABALSA,10
Koraput,BANDHUGAON,BANDHUGAM,GATIPUT,37
Koraput,BANDHUGAON,BANDHUGAM,JHUMUKA,17
Koraput,BANDHUGAON,BANDHUGAM,KATRAGUDA,11
Koraput,BANDHUGAON,BANDHUGAM,KUNJERI,26
Koraput,BANDHUGAON,BANDHUGAM,MARDIJHOLA,16
Koraput,BANDHUGAON,BANDHUGAM,MEKADA,46
Koraput,BANDHUGAON,BANDHUGAM,MUNDIBALSA,11
Koraput,BANDHUGAON,BANDHUGAM,RAGHUMADA,11
Koraput,BANDHUGAON,BANDHUGAN,BAUNSAPUT,34
Koraput,BANDHUGAON,BANDHUGAN,GOLIPUT,28
Koraput,BANDHUGAON,BANDHUGAN,TALADABIRI,12
Koraput,BANDHUGAON,GARIDI,AMBLIPUT,29
Koraput,BANDHUGAON,GARIDI,B. GURUSHI,8
Koraput,BANDHUGAON,GARIDI,B.TURUGUDI,18
Koraput,BANDHUGAON,GARIDI,GAGABADI,31
Koraput,BANDHUGAON,GARIDI,GAJABADI,10
Koraput,BANDHUGAON,GARIDI,GOJABADI,26
Koraput,BANDHUGAON,GARIDI,JARAPA,44
Koraput,BANDHUGAON,GARIDI,K.GURUSI,61
Koraput,BANDHUGAON,GARIDI,LUNDRUKONA,70
Koraput,BANDHUGAON,GARIDI,M.TURUGUDI,35
Koraput,BANDHUGAON,GARIDI,PUTUGAAM,9
Koraput,BANDHUGAON,GARIDI,RUTAPAI,34
Koraput,BANDHUGAON,GARIDI,SODABADI,84
Koraput,BANDHUGAON,JAGUGUDA,ANTAMODA,8
Koraput,BANDHUGAON,JAGUGUDA,JAGUGUDA,30
Koraput,BANDHUGAON,JAGUGUDA,JENDAPARTING,46
Koraput,BANDHUGAON,JAGUGUDA,KAMBESU,14
Koraput,BANDHUGAON,JAGUGUDA,KUNTESH,16
Koraput,BANDHUGAON,JAGUGUDA,LACHHAKAPADU,10
Koraput,BANDHUGAON,JAGUGUDA,MUNDESU,9
Koraput,BANDHUGAON,JAGUGUDA,NAKITI,7
Koraput,BANDHUGAON,JAGUGUDA,PARTINGI,78
Koraput,BANDHUGAON,JAGUGUDA,RANGAMGUDA,17
Koraput,BANDHUGAON,JAGUGUDA,SERAPADU,21
Koraput,BANDHUGAON,KABIRIBADI,DIMITIGUDA,12
Koraput,BANDHUGAON,KABIRIBADI,K.TIKARAPADA,22
Koraput,BANDHUGAON,KABIRIBADI,LOPETA,41
Koraput,BANDHUGAON,KABIRIBADI,PANASAPADAR,14
Koraput,BANDHUGAON,KAMUGANDA,BADAMATHUR,61
Koraput,BANDHUGAON,KAMUGANDA,KAMUGANDA,24
Koraput,BANDHUGAON,KAPLADA,CHEKAVALSA,10
Koraput,BANDHUGAON,KUMBAGONDA,PEDAKAMBRA,23
Koraput,BANDHUGAON,KUMBHARIPUT,KUSUMPUT,32
Koraput,BANDHUGAON,KUMBHARIPUT,TALAJAMUGUDA,16
Koraput,BANDHUGAON,KUMBHARIPUT/ NEELABADI,CHEKAPADU,41
Koraput,BANDHUGAON,KUMBHARIPUT/ NEELABADI,DONDABADI,19
Koraput,BANDHUGAON,KUMBHARIPUT/ NEELABADI,GULIMIGUDA - A,15
Koraput,BANDHUGAON,KUMBHARIPUT/ NEELABADI,GULIMIGUDA-A,2
Koraput,BANDHUGAON,KUMBHARIPUT/ NEELABADI,JAYAGUDA,17
Koraput,BANDHUGAON,KUTRABEDA,BILAMALA,32
Koraput,BANDHUGAON,KUTRABEDA,BORIPUT,25
Koraput,BANDHUGAON,KUTRABEDA,GULIMIGUDA-B,78
Koraput,BANDHUGAON,KUTRABEDA,MONCHAPADAR,27
Koraput,BOIPARIGUDA,ANALABHATA,MAJHIGUDA,2
Koraput,BOIPARIGUDA,BALIGAON,BADA ATALA,5
Koraput,BOIPARIGUDA,BALIGAON,CHEREKA,12
Koraput,BOIPARIGUDA,BALIGAON,KURKUTIGUDA,3
Koraput,BOIPARIGUDA,BALIGAON,RATUGUDA,1
Koraput,BOIPARIGUDA,BODAPUT,BODAPUT,5
Koraput,BOIPARIGUDA,BODAPUT,CHIKIMA(RAULIGUDA),11
Koraput,BOIPARIGUDA,BODAPUT,KUSHPAR,6
Koraput,BOIPARIGUDA,BODAPUT,MADI,23
Koraput,BOIPARIGUDA,BODAPUT,MADI(KALIAGUDA),2
Koraput,BOIPARIGUDA,BODAPUT,PAMI,52
Koraput,BOIPARIGUDA,BODAPUT,TALAPAMI,14
Koraput,BOIPARIGUDA,BOIPARIGUDA,BASINIGUDA,6
Koraput,BOIPARIGUDA,BOIPARIGUDA,BHEJAPABALI,2
Koraput,BOIPARIGUDA,BOIPARIGUDA,G.BHALUGUDA,21
Koraput,BOIPARIGUDA,BOIPARIGUDA,GUMMA,23
Koraput,BOIPARIGUDA,BOIPARIGUDA,GUNTHAGUDA,9
Koraput,BOIPARIGUDA,BOIPARIGUDA,LIMBAGUDA,220
Koraput,BOIPARIGUDA,BOIPARIGUDA,NILAGUDA,8
Koraput,BOIPARIGUDA,BOIPARIGUDA,THOKAL,2
Koraput,BOIPARIGUDA,CHANDRAPADA,BALIGUDA,4
Koraput,BOIPARIGUDA,CHANDRAPADA,BANUAGUDA,38
Koraput,BOIPARIGUDA,CHANDRAPADA,BHEJAGUDA,7
Koraput,BOIPARIGUDA,CHANDRAPADA,BODAGUDA,1
Koraput,BOIPARIGUDA,CHANDRAPADA,DUMURIGUDA,12
Koraput,BOIPARIGUDA,CHANDRAPADA,PALIGUDA,7
Koraput,BOIPARIGUDA,CHIPAKUR,ANLAJODI,28
Koraput,BOIPARIGUDA,CHIPAKUR,CHILIKUNDA,14
Koraput,BOIPARIGUDA,CHIPAKUR,JADAAMBA,17
Koraput,BOIPARIGUDA,CHIPAKUR,JODIDAR,24
Koraput,BOIPARIGUDA,CHIPAKUR,JODIGUDA (PHULABEDA),6
Koraput,BOIPARIGUDA,CHIPAKUR,KADAMBA,11
Koraput,BOIPARIGUDA,CHIPAKUR,KANDHA JADAAMBA,10
Koraput,BOIPARIGUDA,CHIPAKUR,KAUKUND,32
Koraput,BOIPARIGUDA,CHIPAKUR,KHIRISALA,21
Koraput,BOIPARIGUDA,CHIPAKUR,KUDALJODI,39
Koraput,BOIPARIGUDA,CHIPAKUR,NISHNA PAKHNA,1
Koraput,BOIPARIGUDA,CHIPAKUR,PADEIKADAR,31
Koraput,BOIPARIGUDA,CHIPAKUR,SANGAM GUDA,10
Koraput,BOIPARIGUDA,DANDABADI,ANDRI JODI,20
Koraput,BOIPARIGUDA,DANDABADI,BAGHBEDA,16
Koraput,BOIPARIGUDA,DANDABADI,BATIGUDA,15
Koraput,BOIPARIGUDA,DANDABADI,BGHBEDA,5
Koraput,BOIPARIGUDA,DANDABADI,BINGRAJ JODI,28
Koraput,BOIPARIGUDA,DANDABADI,CHATAAMBA,19
Koraput,BOIPARIGUDA,DANDABADI,DAMANJODI,27
Koraput,BOIPARIGUDA,DANDABADI,DISARIGUDA,4
Koraput,BOIPARIGUDA,DANDABADI,DUMURI PADAR,46
Koraput,BOIPARIGUDA,DANDABADI,JAMUGUDA,7
Koraput,BOIPARIGUDA,DANDABADI,JANGALJODI,43
Koraput,BOIPARIGUDA,DANDABADI,KADAKIPANI (PHATAKAMUNDA),4
Koraput,BOIPARIGUDA,DANDABADI,KADALI PADAR,47
Koraput,BOIPARIGUDA,DANDABADI,KADAMBA,16
Koraput,BOIPARIGUDA,DANDABADI,KADKIPANI,1
Koraput,BOIPARIGUDA,DANDABADI,KALIA ATAL,1
Koraput,BOIPARIGUDA,DANDABADI,KALIA ATALA,13
Koraput,BOIPARIGUDA,DANDABADI,KALIAJHOLI,3
Koraput,BOIPARIGUDA,DANDABADI,KANDAKIGUDA,1
Koraput,BOIPARIGUDA,DANDABADI,KULABEDA,41
Koraput,BOIPARIGUDA,DANDABADI,LIMAPADAR,9
Koraput,BOIPARIGUDA,DANDABADI,PANASPUT,11
Koraput,BOIPARIGUDA,DANDABADI,PANGANAPANI,16
Koraput,BOIPARIGUDA,DANDABADI,PHATAKAMUNDA (SADAKPUT),6
Koraput,BOIPARIGUDA,DANDABADI,PHATAKIKUMI,31
Koraput,BOIPARIGUDA,DANDABADI,PURUPABEDA,5
Koraput,BOIPARIGUDA,DANDABADI,SALAPA PADAR,6
Koraput,BOIPARIGUDA,DANDABADI,TOTAPANI,8
Koraput,BOIPARIGUDA,DASAMANTAPUR,DORAPUT,4
Koraput,BOIPARIGUDA,DASAMANTAPUR,GADAPUT,7
Koraput,BOIPARIGUDA,DASAMANTAPUR,KAKALPADA,53
Koraput,BOIPARIGUDA,DASAMANTAPUR,LIMAPUT(PANGIPUT),1
Koraput,BOIPARIGUDA,DASAMANTAPUR,PABLIGUDA,1
Koraput,BOIPARIGUDA,DORAGUDA,BADAANDARI (GOIPADAR),22
Koraput,BOIPARIGUDA,DORAGUDA,BANAGUDA,104
Koraput,BOIPARIGUDA,DORAGUDA,BARENGA PADAR,32
Koraput,BOIPARIGUDA,DORAGUDA,BERGAON,7
Koraput,BOIPARIGUDA,DORAGUDA,DEBATADANGAR,25
Koraput,BOIPARIGUDA,DORAGUDA,DUMURIGUDA,9
Koraput,BOIPARIGUDA,DORAGUDA,GADAGUDA,3
Koraput,BOIPARIGUDA,DORAGUDA,GATANGUDA(BANAGUDA),22
Koraput,BOIPARIGUDA,DORAGUDA,GHUMARBEDA,28
Koraput,BOIPARIGUDA,DORAGUDA,GUNDALIAGUDA,1
Koraput,BOIPARIGUDA,DORAGUDA,MINARBALI,2
Koraput,BOIPARIGUDA,DORAGUDA,MNARBALI,2
Koraput,BOIPARIGUDA,DORAGUDA,MUSHA PADAR,7
Koraput,BOIPARIGUDA,DORAGUDA,RANGINI GUDA,76
Koraput,BOIPARIGUDA,DORAGUDA,RUPUGUDA,6
Koraput,BOIPARIGUDA,DORAGUDA,SANA ANDARI (GOIPADAR),28
Koraput,BOIPARIGUDA,DORAGUDA,SUNDAR JODI,25
Koraput,BOIPARIGUDA,DORAGUDA,UDULGUDA,28
Koraput,BOIPARIGUDA,G.MAJHIGUDA,KARILAGUDA,2
Koraput,BOIPARIGUDA,G.MAJHIGUDA,KEMABEDA (BHATIGUDA),3
Koraput,BOIPARIGUDA,GUPTESWAR,BALIKUNDA,36
Koraput,BOIPARIGUDA,GUPTESWAR,BHALUJHOLA,12
Koraput,BOIPARIGUDA,GUPTESWAR,JAMJODI,21
Koraput,BOIPARIGUDA,GUPTESWAR,RUPABEDA,7
Koraput,BOIPARIGUDA,GUPTESWAR,SORISHA PADAR,20
Koraput,BOIPARIGUDA,GUPTESWAR,TALLURU,34
Koraput,BOIPARIGUDA,HALADIKUND,BALIKUNDA,1
Koraput,BOIPARIGUDA,HALADIKUND,CHADHEIPANI,28
Koraput,BOIPARIGUDA,HALADIKUND,CHILIPADAR,32
Koraput,BOIPARIGUDA,HALADIKUND,GADAGHAT,57
Koraput,BOIPARIGUDA,HALADIKUND,GAJULPADAR,13
Koraput,BOIPARIGUDA,HALADIKUND,GHIURIAGUDA,8
Koraput,BOIPARIGUDA,HALADIKUND,GOILKUNDA,1
Koraput,BOIPARIGUDA,HALADIKUND,HATIKHAL,14
Koraput,BOIPARIGUDA,HALADIKUND,KATANIKUNDA,41
Koraput,BOIPARIGUDA,HALADIKUND,KHECHELA,37
Koraput,BOIPARIGUDA,HALADIKUND,MALIPADAR,23
Koraput,BOIPARIGUDA,HALADIKUND,MURJACHUAN,35
Koraput,BOIPARIGUDA,HALADIKUND,PUKI BAGRA,25
Koraput,BOIPARIGUDA,HALADIKUND,RUPABEDA,6
Koraput,BOIPARIGUDA,HALADIKUND,SIRIBEDA,49
Koraput,BOIPARIGUDA,HALADIKUND,TALUR,148
Koraput,BOIPARIGUDA,KATHAPADA,DHWANIBASILA,33
Koraput,BOIPARIGUDA,KATHAPADA,DUMURIGUDA,20
Koraput,BOIPARIGUDA,KATHAPADA,KATHAPADA,1
Koraput,BOIPARIGUDA,KATHAPADA,KATHAPADA (PANDIGUDA),21
Koraput,BOIPARIGUDA,KATHAPADA,KENDUPUT,13
Koraput,BOIPARIGUDA,KATHAPADA,MANTRIAMBA,23
Koraput,BOIPARIGUDA,KATHAPADA,MANTRIAMBA(KHARIBED A),42
Koraput,BOIPARIGUDA,KATHAPADA,MUNDIGUDA,16
Koraput,BOIPARIGUDA,KATHAPADA,MUSHA PADAR,23
Koraput,BOIPARIGUDA,KATHAPADA,NUAGUDA,10
Koraput,BOIPARIGUDA,KATHAPADA,PADEIGUDA,9
Koraput,BOIPARIGUDA,KATHAPADA,PANDIGUDA,8
Koraput,BOIPARIGUDA,KATHAPADA,RAJAMUNDA,26
Koraput,BOIPARIGUDA,KATHAPADA,SARUJOBA,8
Koraput,BOIPARIGUDA,KATHAPADA,SILMAL,34
Koraput,BOIPARIGUDA,KENDUGUDA,KADAMGUDA,19
Koraput,BOIPARIGUDA,KENDUGUDA,KENDUPADA,4
Koraput,BOIPARIGUDA,KENDUGUDA,KHARAGUDA,20
Koraput,BOIPARIGUDA,KENDUGUDA,M.BHALUGUDA,12
Koraput,BOIPARIGUDA,KENDUGUDA,NANDANMAL,5
Koraput,BOIPARIGUDA,KOLLAR,BALIA PADAR,15
Koraput,BOIPARIGUDA,KOLLAR,BHALUBEDA,29
Koraput,BOIPARIGUDA,KOLLAR,BHALUGUDA,17
Koraput,BOIPARIGUDA,KOLLAR,CHAMPIA GUDA,16
Koraput,BOIPARIGUDA,KOLLAR,HATIPAKHNA,47
Koraput,BOIPARIGUDA,KOLLAR,JABIA GUDA,11
Koraput,BOIPARIGUDA,KOLLAR,JATIAGUDA,11
Koraput,BOIPARIGUDA,KOLLAR,JHALIAGUDA,5
Koraput,BOIPARIGUDA,KOLLAR,KARLIAGUDA,21
Koraput,BOIPARIGUDA,KOLLAR,KASAMGUDA,6
Koraput,BOIPARIGUDA,KOLLAR,KEBADA ATALA,8
Koraput,BOIPARIGUDA,KOLLAR,KEBEDA ATAL,14
Koraput,BOIPARIGUDA,KOLLAR,KUPULIGUDA,12
Koraput,BOIPARIGUDA,KOLLAR,MUDULIGUDA,30
Koraput,BOIPARIGUDA,KOLLAR,MUDULIGUDA (BADA ATAL),6
Koraput,BOIPARIGUDA,KOLLAR,NANGAL PAKHNA,4
Koraput,BOIPARIGUDA,KOLLAR,NISHANGUDA,27
Koraput,BOIPARIGUDA,KOLLAR,PARAJA ATALA,15
Koraput,BOIPARIGUDA,KOLLAR,PATIAPADAR,23
Koraput,BOIPARIGUDA,KOLLAR,PUKI BAGHRA,4
Koraput,BOIPARIGUDA,KOLLAR,PURNAPANI (PATIA PADAR),6
Koraput,BOIPARIGUDA,KOLLAR,RATAKHANDI GUDA,6
Koraput,BOIPARIGUDA,KOLLAR,RENGALGUDA,19
Koraput,BOIPARIGUDA,KOLLAR,TAPAJODI,10
Koraput,BOIPARIGUDA,MAJHIGUDA,ANLABHATTA,11
Koraput,BOIPARIGUDA,MAJHIGUDA,BHALIA PADAR,6
Koraput,BOIPARIGUDA,MAJHIGUDA,BHATIGUDA,4
Koraput,BOIPARIGUDA,MAJHIGUDA,BHATIPADA,16
Koraput,BOIPARIGUDA,MAJHIGUDA,BIJAPADAR,3
Koraput,BOIPARIGUDA,MAJHIGUDA,BOMEL,34
Koraput,BOIPARIGUDA,MAJHIGUDA,GHADADABA,17
Koraput,BOIPARIGUDA,MAJHIGUDA,KATRAGUDA,5
Koraput,BOIPARIGUDA,MAJHIGUDA,KHEMABEDA,10
Koraput,BOIPARIGUDA,MAJHIGUDA,KHEMABEDA (BHATIGUDA),31
Koraput,BOIPARIGUDA,MAJHIGUDA,KHEMABEDA (KATRAGUDA),85
Koraput,BOIPARIGUDA,MAJHIGUDA,KOSHA PAKHNA (KHEMABEDA),6
Koraput,BOIPARIGUDA,MAJHIGUDA,LAXMIGUDA,1
Koraput,BOIPARIGUDA,MAJHIGUDA,MAJHIGUDA,3
Koraput,BOIPARIGUDA,MAJHIGUDA,MANKIDI,36
Koraput,BOIPARIGUDA,MAJHIGUDA,NAGIAGUDA (KHEMABEDA),7
Koraput,BOIPARIGUDA,MAJHIGUDA,RANGINIGUDA,5
Koraput,BOIPARIGUDA,MAJHIGUDA,RANGINIGUDA (KHEMABEDA),13
Koraput,BOIPARIGUDA,MAJHIGUDA,SARGIGUDA (KHEMABEDA),12
Koraput,BOIPARIGUDA,MAJHIGUDA,TATAPADA,89
Koraput,BOIPARIGUDA,MAJHIGUDA,THOKAL,33
Koraput,BOIPARIGUDA,MASIGAON,KUMARGUDA,33
Koraput,BOIPARIGUDA,MOHULI,GUNJI,57
Koraput,BOIPARIGUDA,MOHULI,KHANDIGUDA,22
Koraput,BOIPARIGUDA,MOHULI,KUMBHIGUDA,8
Koraput,BOIPARIGUDA,MOHULI,LENJA,18
Koraput,BOIPARIGUDA,MOHULI,MESHUGUDA,7
Koraput,BOIPARIGUDA,MOHULI,MOHULI,2
Koraput,BOIPARIGUDA,MOHULI,PARALA,42
Koraput,BOIPARIGUDA,MOHULI,TALA GUNJI,8
Koraput,BOIPARIGUDA,MOHULI,UMURIAGUDA,5
Koraput,BOIPARIGUDA,MOHULI,UPPER GUNJI,6
Koraput,BOIPARIGUDA,RAMGIRI,AMBAGANDHALI,29
Koraput,BOIPARIGUDA,RAMGIRI,ATALGUDA,9
Koraput,BOIPARIGUDA,RAMGIRI,BADAGUDA,9
Koraput,BOIPARIGUDA,RAMGIRI,BADAPADA,22
Koraput,BOIPARIGUDA,RAMGIRI,BADINIPABILI,27
Koraput,BOIPARIGUDA,RAMGIRI,BAGHDULA,21
Koraput,BOIPARIGUDA,RAMGIRI,BAGHJHOLA,3
Koraput,BOIPARIGUDA,RAMGIRI,CHADIAGUDA,1
Koraput,BOIPARIGUDA,RAMGIRI,CHAMILIKUNDA,26
Koraput,BOIPARIGUDA,RAMGIRI,CHILIPAJODI,11
Koraput,BOIPARIGUDA,RAMGIRI,DANDAKHAL,38
Koraput,BOIPARIGUDA,RAMGIRI,DHOBA ATALA,34
Koraput,BOIPARIGUDA,RAMGIRI,GADABAGUDA,1
Koraput,BOIPARIGUDA,RAMGIRI,GADHABA GUDA,27
Koraput,BOIPARIGUDA,RAMGIRI,GAYAL KUNDA,27
Koraput,BOIPARIGUDA,RAMGIRI,GELAGUDA,23
Koraput,BOIPARIGUDA,RAMGIRI,GIRILI MALIGUDA,9
Koraput,BOIPARIGUDA,RAMGIRI,HATIBARI,16
Koraput,BOIPARIGUDA,RAMGIRI,HATIPAKHNA,25
Koraput,BOIPARIGUDA,RAMGIRI,KALIAJHOLI,2
Koraput,BOIPARIGUDA,RAMGIRI,KAUDIAGUDA,31
Koraput,BOIPARIGUDA,RAMGIRI,KERAATALA,36
Koraput,BOIPARIGUDA,RAMGIRI,KHAIRA PADAR,8
Koraput,BOIPARIGUDA,RAMGIRI,KHAJURI PADAR,8
Koraput,BOIPARIGUDA,RAMGIRI,KOLATHGHAT,12
Koraput,BOIPARIGUDA,RAMGIRI,KUAGANDHALI,6
Koraput,BOIPARIGUDA,RAMGIRI,KUMBHIKHARI,6
Koraput,BOIPARIGUDA,RAMGIRI,MACHAGUDA,5
Koraput,BOIPARIGUDA,RAMGIRI,MALIGUDA,7
Koraput,BOIPARIGUDA,RAMGIRI,MANDIAJHARAN,66
Koraput,BOIPARIGUDA,RAMGIRI,MATIKHAL GUDA,6
Koraput,BOIPARIGUDA,RAMGIRI,NUAGUDA,43
Koraput,BOIPARIGUDA,RAMGIRI,PUJARIPUT,31
Koraput,BOIPARIGUDA,SIRIBEDA,KOLLAR,1
Koraput,BOIPARIGUDA,TANGINIGUDA,KATANIPABILI,21
Koraput,BOIPARIGUDA,TENTULIGUMMA,MATIGUDA,40
Koraput,BOIPARIGUDA,TENTULIGUMMA,TENTULIGUMMA,81
Koraput,BOIPARIGUDA,TENTULIGUMMA,TENTULIGUMMA (BHEJINIGUDA),20
Koraput,BORIGUMA,AAUNLI,AAUNLI,1
Koraput,BORIGUMA,AAUNLI,GIRLIGUDA,1
Koraput,BORIGUMA,AAUNLI,LITIMAJHIA,11
Koraput,BORIGUMA,ANCHALA,ANCHALA,1
Koraput,BORIGUMA,B.SHINGHPUR,B.SINGHPUR,1
Koraput,BORIGUMA,B.SHINGHPUR,KHUNTIAMALA,3
Koraput,BORIGUMA,B.SHINGHPUR,PARLIAGUDA,2
Koraput,BORIGUMA,B.SHINGHPUR,PODAPADAR,22
Koraput,BORIGUMA,BENAGAON,CHANDALGUDA,15
Koraput,BORIGUMA,BENAGAON,SANTOSHPUR,4
Koraput,BORIGUMA,BENASUR,TURKAGUDA,7
Koraput,BORIGUMA,BIJAPUR,AMBTAGUDA,2
Koraput,BORIGUMA,BIJAPUR,BANDIGUDA,2
Koraput,BORIGUMA,BIJAPUR,DENGAGUDA,6
Koraput,BORIGUMA,BIJAPUR,OLD JANIGUDA,4
Koraput,BORIGUMA,BODIGAON,BANDIGUDA,1
Koraput,BORIGUMA,BODIGAON,BHITARABADI,21
Koraput,BORIGUMA,BODIGAON,BODIGAON,27
Koraput,BORIGUMA,BODIGAON,HATHIPAKHNAGUDA,6
Koraput,BORIGUMA,BODIGAON,MANDIABANDHA,3
Koraput,BORIGUMA,BODIGAON,PHATAMUNDAGUDA,15
Koraput,BORIGUMA,BORIGUMMA,BORIGUMMA,3
Koraput,BORIGUMA,BORIGUMMA,JHILIMILI,2
Koraput,BORIGUMA,CHAMPAPADAR,CHAMPAPADAR,1
Koraput,BORIGUMA,CHAMPAPADAR,GHODADABA,19
Koraput,BORIGUMA,CHAMPAPADAR,KATHARAGADA,1
Koraput,BORIGUMA,CHAMPAPADAR,MASIPADAR,49
Koraput,BORIGUMA,CHAMPIA,MALADA,1
Koraput,BORIGUMA,DENGAPADAR,BADAPARIA,14
Koraput,BORIGUMA,DENGAPADAR,DENGAPADAR,1
Koraput,BORIGUMA,DENGAPADAR,SAMARATHAGUDA,1
Koraput,BORIGUMA,DENGAPADAR,SANKARADA,1
Koraput,BORIGUMA,GUJUNIGUDA,GUJINIGUDA,7
Koraput,BORIGUMA,GUJUNIGUDA,SANKARADA,1
Koraput,BORIGUMA,GUMUDA,BHUMIAGUDA,7
Koraput,BORIGUMA,GUMUDA,SANKARADA,1
Koraput,BORIGUMA,HARDALI,DUMARAJODI,2
Koraput,BORIGUMA,HARDALI,HARDALI,69
Koraput,BORIGUMA,HARIDAGUDA,BHALUMAHAL,6
Koraput,BORIGUMA,HARIDAGUDA,DHOBAPADAR,23
Koraput,BORIGUMA,HARIDAGUDA,HARADAGUDA,21
Koraput,BORIGUMA,HARIDAGUDA,HARIDAGUDA,1
Koraput,BORIGUMA,HARIDAGUDA,JHOLAGUDA,2
Koraput,BORIGUMA,HARIDAGUDA,KARATASHA,1
Koraput,BORIGUMA,HARIDAGUDA,LATHIKATAR,8
Koraput,BORIGUMA,HARIDAGUDA,MALIGUDA,64
Koraput,BORIGUMA,HARIDAGUDA,PATARANGANI,16
Koraput,BORIGUMA,HARIDAGUDA,PATIASIL,39
Koraput,BORIGUMA,HARIDAGUDA,RASIPADAR,4
Koraput,BORIGUMA,HARIDAGUDA,RUNIPADAR,2
Koraput,BORIGUMA,HARIDAGUDA,SANKARADA,1
Koraput,BORIGUMA,HARIDAGUDA,SIUNAPADAR,10
Koraput,BORIGUMA,JAYANTIGIRI,MALDA,9
Koraput,BORIGUMA,JUJHARI,KANEIJUBA,1
Koraput,BORIGUMA,KAMARA,KAMRA,13
Koraput,BORIGUMA,KAMARA,KHATULUGUDA,1
Koraput,BORIGUMA,KASHAGAON,RAUNLIGUDA,1
Koraput,BORIGUMA,KASHAGUDA,RAUNLIGUDA,1
Koraput,BORIGUMA,KATHARAGADA,KATHARAGADA,7
Koraput,BORIGUMA,KATHARAGADA,MANKIDIATALA,8
Koraput,BORIGUMA,KATHARAGADA,PAKHNAGUDA,10
Koraput,BORIGUMA,KATHARAGADA,RAJAPUT,4
Koraput,BORIGUMA,KONAGAON,KONAGAON,2
Koraput,BORIGUMA,KUMULI,KHANGARAGUDA,12
Koraput,BORIGUMA,KUMULI,PARAJAPATRAPUT,8
Koraput,BORIGUMA,MALDA,BADA MOULI,3
Koraput,BORIGUMA,MALDA,CHAMPIA,10
Koraput,BORIGUMA,MALDA,MALDA,3
Koraput,BORIGUMA,MALDA,MAULI,28
Koraput,BORIGUMA,MALDA,NANDARALA,9
Koraput,BORIGUMA,MALDA,TARAGAON,13
Koraput,BORIGUMA,MASIPADAR,MASIPADAR,2
Koraput,BORIGUMA,MUNJA,BADAINDANPUR,39
Koraput,BORIGUMA,MUNJA,KUTRAGUDA,16
Koraput,BORIGUMA,MUNJA,SANAINDHANPUR,3
Koraput,BORIGUMA,NARIGAM,KIRAMGUDA,4
Koraput,BORIGUMA,NARIGAM,NARIGAON,4
Koraput,BORIGUMA,NARIGAM,RAMPATRA PUT,1
Koraput,BORIGUMA,PUJARIPUT,CHATTARLA,13
Koraput,BORIGUMA,RANASPUR,CHANDALGUDA,2
Koraput,BORIGUMA,RANASPUR,DUMURIPADAR,14
Koraput,BORIGUMA,RANASPUR,JADAPUT,1
Koraput,BORIGUMA,RANASPUR,JAMJHOLA,1
Koraput,BORIGUMA,RANASPUR,JHAMPARAPADAR,10
Koraput,BORIGUMA,RANASPUR,MUDULIGUDA,7
Koraput,BORIGUMA,RANASPUR,RAMGUDA,3
Koraput,BORIGUMA,RANASPUR,RANASPUR,18
Koraput,BORIGUMA,RANASPUR,RANIGADA,8
Koraput,BORIGUMA,RANASPUR,SANGUDORA,6
Koraput,BORIGUMA,RANASPUR,SARGI PADAR,1
Koraput,BORIGUMA,RANASPUR,TANGINIKOT,11
Koraput,BORIGUMA,RANASPUR,TINGIRIPUT,7
Koraput,BORIGUMA,SANAPARIA,BAJENIKONADI,6
Koraput,BORIGUMA,SANAPARIA,BUKUBANDHA,1
Koraput,BORIGUMA,SANAPARIA,CHATARLA,3
Koraput,BORIGUMA,SARAGIGUDA,BADA DUBULI,2
Koraput,BORIGUMA,SARAGIGUDA,BADADUBULI,2
Koraput,BORIGUMA,SOSAHANDI,DUDUSAPALA,23
Koraput,BORIGUMA,SOSAHANDI,GADIGAON,12
Koraput,DASAMANTPUR,CHANABADA,GIRLIPUT,25
Koraput,DASAMANTPUR,CHANABADA,JODIPAI,74
Koraput,DASAMANTPUR,CHANABADA,K. BEDAPADAR,90
Koraput,DASAMANTPUR,CHANABADA,S. DANDABAD,89
Koraput,DASAMANTPUR,CHIKAMBA,BONASIL,27
Koraput,DASAMANTPUR,CHIKAMBA,CHIKAMBA,9
Koraput,DASAMANTPUR,CHIKAMBA,TALAGADALA,15
Koraput,DASAMANTPUR,CHIKAMBA,TUNKHAL,20
Koraput,DASAMANTPUR,CHIKAMBO,BANASIL,44
Koraput,DASAMANTPUR,CHIKAMBO,DAKAMARA,72
Koraput,DASAMANTPUR,CHIKAMBO,GUNAR,49
Koraput,DASAMANTPUR,CHIKAMBO,PIRIMACHI,45
Koraput,DASAMANTPUR,CHIKAMBO,TALAGADALA,86
Koraput,DASAMANTPUR,CHIKAMBO,UPPERGADALA,93
Koraput,DASAMANTPUR,DASAMANTAPUR,DURKAGAUDA,15
Koraput,DASAMANTPUR,DUARASUNI,BODAPINDAPADAR,18
Koraput,DASAMANTPUR,DUAROSUNI,KUKUDAKOTA,10
Koraput,DASAMANTPUR,DUARSUNI,AMBAGUDA,39
Koraput,DASAMANTPUR,DUARSUNI,HIRUGUDA,16
Koraput,DASAMANTPUR,DUMBAGUDA,BHANDISIL,35
Koraput,DASAMANTPUR,DUMBAGUDA,BHITARABAGRI,42
Koraput,DASAMANTPUR,DUMBAGUDA,BODABAGRI,84
Koraput,DASAMANTPUR,DUMBAGUDA,HATIMUNDA,12
Koraput,DASAMANTPUR,DUMBAGUDA,KALIAMBA,31
Koraput,DASAMANTPUR,GIRLIGUMA,GIRLI,116
Koraput,DASAMANTPUR,GIRLIGUMA,KIRAMBO,29
Koraput,DASAMANTPUR,GIRLIGUMA,UPPER RATABANDHA,78
Koraput,DASAMANTPUR,GIRLIGUMMA,TIKARPADA,61
Koraput,DASAMANTPUR,GIRLLIGUMMA,BAGHALMATI,43
Koraput,DASAMANTPUR,GIRLLIGUMMA,BANAPADAR,37
Koraput,DASAMANTPUR,GIRLLIGUMMA,GADRI,21
Koraput,DASAMANTPUR,GIRLLIGUMMA,JAMUR,19
Koraput,DASAMANTPUR,GIRLLIGUMMA,KALATI,30
Koraput,DASAMANTPUR,LULLA,KUDALATAL,61
Koraput,DASAMANTPUR,LULLA,TABJAGUDA,52
Koraput,DASAMANTPUR,MUJANGA,BAKADAGUDA,39
Koraput,DASAMANTPUR,MUJANGA,BAUNSAGUDA,6
Koraput,DASAMANTPUR,MUJANGA,KONKADAPUT,82
Koraput,DASAMANTPUR,MURKAR,KUNTESH ( TOTAGUDA ),30
Koraput,DASAMANTPUR,MURKAR,KUSUMPUT,20
Koraput,DASAMANTPUR,MURKAR,MUNDAJHOLA,66
Koraput,DASAMANTPUR,MURKAR,MURKAR,68
Koraput,DASAMANTPUR,MURKAR,MURKARA,46
Koraput,DASAMANTPUR,MURKAR,NARASINGAGUDA,27
Koraput,DASAMANTPUR,MURKAR,NARAYANGUDA,24
Koraput,DASAMANTPUR,MURKAR,OUTDORA,56
Koraput,DASAMANTPUR,MURKAR,PANASGUDA,18
Koraput,DASAMANTPUR,MURKAR,POJHAR,74
Koraput,DASAMANTPUR,MURKAR,SEMILIGUDA,17
Koraput,DASAMANTPUR,MURKAR,TAMKIAGUDA,22
Koraput,DASAMANTPUR,MURKAR,TIKARPADA,47
Koraput,DASAMANTPUR,PADAGADA,NARANGA,25
Koraput,DASAMANTPUR,PAIKOPHULABEDA,HATIMUNDA,27
Koraput,DASAMANTPUR,PAIKOPHULABEDA,KOCHAGUDA,19
Koraput,DASAMANTPUR,PINDAPADAR,BARAGACHA,46
Koraput,DASAMANTPUR,PINDAPADAR,NAKHIMAL,88
Koraput,DASAMANTPUR,PINDAPADAR,P. BIRIGHAT,84
Koraput,DASAMANTPUR,PINDAPADARA,CHINDRIJHODI,33
Koraput,DASAMANTPUR,PINDAPADARA,KUDIKIPADARA,17
Koraput,DASAMANTPUR,PODAGADA,NARANGA,21
Koraput,DASAMANTPUR,PODAGADA,PURIMUNDA,14
Koraput,DASAMANTPUR,PORAJABEDAPADAR,CHIMIRAGUDA,28
Koraput,DASAMANTPUR,POROJABEDAPADAR,TOTAGUDA,49
Koraput,DASAMANTPUR,PRAJABEDAPADAR,RAHIAMBO,8
Koraput,JEYPORE,ANTA,ANANTA,7
Koraput,JEYPORE,ANTA,PRASANPUT,11
Koraput,JEYPORE,ANTA,SUNARIGUDA,3
Koraput,JEYPORE,BADAJIUNA,BADAJIUNA,4
Koraput,JEYPORE,BADAJIUNA,BADAJUNA,1
Koraput,JEYPORE,BADAJIUNA,DAHARANAHANDI,1
Koraput,JEYPORE,BADAJIUNA,SALAPA,7
Koraput,JEYPORE,BADINIPUT,B.MALIGUDA,24
Koraput,JEYPORE,BADINIPUT,GADALABADI,18
Koraput,JEYPORE,BADINIPUT,MAHULABHATTA,24
Koraput,JEYPORE,BARINIPUT,BDIGUDA,16
Koraput,JEYPORE,BARINIPUT,BODIGUDA,2
Koraput,JEYPORE,BARINIPUT,GADALABADI,8
Koraput,JEYPORE,BARINIPUT,GADIGUDA,6
Koraput,JEYPORE,BARINIPUT,LACHAMIPADAR(BALIJODI ),14
Koraput,JEYPORE,BARINIPUT,LATHIGUDA,23
Koraput,JEYPORE,BIJAPUR,AMBTAGUDA,2
Koraput,JEYPORE,BORIGUMMA,BORIGUMMA,3
Koraput,JEYPORE,DONGARCHINCHI,KONJEI(MALIGUDA),2
Koraput,JEYPORE,GADAPADAR,GADAPADAR,11
Koraput,JEYPORE,GUNJIGUDA,KANHUGUDA,2
Koraput,JEYPORE,HADIA,BHATRA,4
Koraput,JEYPORE,HADIA,PADUGUDA,4
Koraput,JEYPORE,HADIA,PUTURA,10
Koraput,JEYPORE,HADIA,SINDHIGAM,2
Koraput,JEYPORE,HADIA,SIRAGUDA,1
Koraput,JEYPORE,JAMUNDA,BADAPADA,1
Koraput,JEYPORE,JAMUNDA,CHIKIMA,6
Koraput,JEYPORE,JAMUNDA,JAREIKORA,7
Koraput,JEYPORE,JAMUNDA,KANKADAGUDA,6
Koraput,JEYPORE,JAYANTIGIRI,HADAPA,3
Koraput,JEYPORE,JAYANTIGIRI,PERAHANDI,7
Koraput,JEYPORE,KEBIDI,B.J PUR,2
Koraput,JEYPORE,KEBIDI,B.J.PUR,2
Koraput,JEYPORE,KONGA,PUJARIGUDA,11
Koraput,JEYPORE,RANDAPALI,DANGARKORACHI,1
Koraput,JEYPORE,RANDAPALI,KANDAPUT,2
Koraput,JEYPORE,RANDAPALI,PAKHNADULA(BORIPUT),2
Koraput,JEYPORE,RANDAPALI,RAMGADA(KENDUGUDA),3
Koraput,JEYPORE,RANDAPALI,RANDAPALI,1
Koraput,JEYPORE,RANDAPALI,SANKAUDI,12
Koraput,JEYPORE,RANDAPALLI,RAMGAD,37
Koraput,JEYPORE,TANKUA,BADALIGUDA,6
Koraput,JEYPORE,TANKUA,BEDAGUDA,9
Koraput,JEYPORE,TANKUA,DOLI AMBAGUDA,1
Koraput,JEYPORE,TANKUA,DUMURIPADAR,1
Koraput,JEYPORE,TANKUA,HARISCHANDRAGUDA,1
Koraput,JEYPORE,TANKUA,MAHALYAPUT,5
Koraput,JEYPORE,TANKUA,NUAGUDA,10
Koraput,JEYPORE,TANKUA,PADAPADAR,13
Koraput,JEYPORE,TANKUA,PADAPADAR(BEDAGUDA),3
Koraput,JEYPORE,TANKUA,PANASPUT BAGRA,49
Koraput,JEYPORE,TANKUA,PANASPUT BAGRA(BEDAGUDA),1
Koraput,JEYPORE,TANKUA,PANASPUT BAGRA(PODAPADAR),4
Koraput,JEYPORE,TANKUA,PANASPUT BAGRA(POPDAPADAR)),1
Koraput,JEYPORE,TANKUA,PANASPUT BAGRA(T.SANGANAGUDA) ),3
Koraput,JEYPORE,TANKUA,PANASPUT BANRA(CHAMIAGUDA),3
Koraput,JEYPORE,TANKUA,PANASPUTBAGRA,5
Koraput,JEYPORE,UMURI,HATIBARIGUDA,18
Koraput,KORAPUT,BADA KERANGA,NUA KERANGA,39
Koraput,KORAPUT,BADA KERENGA,PURUNA PUKI,29
Koraput,KORAPUT,BADASUKU,KALCHURU,10
Koraput,KORAPUT,DUMURIPADAR,DENGAGUDA,12
Koraput,KORAPUT,DUMURIPADAR,DENGANAGUDA,4
Koraput,KORAPUT,DUMURIPADAR,DUMURIPADAR,3
Koraput,KORAPUT,DUMURIPADAR,GUNJIGUDA,44
Koraput,KORAPUT,DUMURIPADAR,HATIMUNDA,20
Koraput,KORAPUT,DUMURIPADAR,JHANJANAGUDA,21
Koraput,KORAPUT,DUMURIPADAR,JHANJHANAGUDA,3
Koraput,KORAPUT,DUMURIPADAR,KALABARI,17
Koraput,KORAPUT,DUMURIPADAR,KHAGADORA,68
Koraput,KORAPUT,DUMURIPADAR,PENDAJAM,25
Koraput,KORAPUT,DUMURIPADAR,TENTULIGUDA,40
Koraput,KORAPUT,KENDAR,BAGRA,26
Koraput,KORAPUT,KENDAR,BALIPETAGUDA,13
Koraput,KORAPUT,KENDAR,BANDAKATRA,8
Koraput,KORAPUT,KENDAR,BONDAKOTRA,6
Koraput,KORAPUT,KENDAR,DAKRA,61
Koraput,KORAPUT,KENDAR,DAYANIDHIGUDA,27
Koraput,KORAPUT,KENDAR,GIRLIPUT,1
Koraput,KORAPUT,KENDAR,KENDAR,9
Koraput,KORAPUT,KENDAR,KHARIGUDA,51
Koraput,KORAPUT,KENDAR,UPPER MANGRA,12
Koraput,KORAPUT,LANKAPUT,GULELPUT,21
Koraput,KORAPUT,LANKAPUT,SEMALA,3
Koraput,KORAPUT,LILIGUDA,BHEJAPUT,125
Koraput,KORAPUT,LITIGUDA,AMBAGUDA,10
Koraput,KORAPUT,LITIGUDA,ARIPUTRAGHATI,24
Koraput,KORAPUT,LITIGUDA,BHALUGUDA,53
Koraput,KORAPUT,LITIGUDA,JHODIGUDA,60
Koraput,KORAPUT,LITIGUDA,K. PUTRAGHATI,40
Koraput,KORAPUT,LITIGUDA,KARIDIGUDA,36
Koraput,KORAPUT,LITIGUDA,LACHHAMANI,78
Koraput,KORAPUT,LITIGUDA,LITIGUDA,32
Koraput,KORAPUT,MAHADEIPUT,AKDELI,6
Koraput,KORAPUT,MAHADEIPUT,LALGUDA,83
Koraput,KORAPUT,MAHADEIPUT,LITIGUDA,8
Koraput,KORAPUT,MAHADEIPUT,PANASPUT,9
Koraput,KORAPUT,MAHADEIPUT,PUTTAPANDI,11
Koraput,KORAPUT,MASTIPUT,BAGRAGUDA,12
Koraput,KORAPUT,MASTIPUT,DANGARI,31
Koraput,KORAPUT,MASTIPUT,JANIGUDA,31
Koraput,KORAPUT,MASTIPUT,TOTAAMBAGUDA,41
Koraput,KORAPUT,MATHALPUT,HATIMUNDA,12
Koraput,KORAPUT,MATHALPUT,JHOLAGUDA,15
Koraput,KORAPUT,MATHALPUT,KURMULI,9
Koraput,KORAPUT,PADMAPUR,PANASPUT,19
Koraput,KORAPUT,SUKU,PARAJAMUNDAR,39
Koraput,KORAPUT,SUKU,PITEI,6
Koraput,KORAPUT,SUKU,TIADIPUT,6
Koraput,KOTPAD,BABEYA,CHILIGUDA,5
Koraput,KOTPAD,BABEYA,EKAMBA,12
Koraput,KOTPAD,BABEYA,EKOMBA,6
Koraput,KOTPAD,BABEYA,MOHANTIPUT,7
Koraput,KOTPAD,BABEYA,PHUPUGAM,5
Koraput,KOTPAD,BANSULI,BHANSULI,5
Koraput,KOTPAD,BANSULI,DEOURLI,5
Koraput,KOTPAD,BANSULI,DUMAJODI,13
Koraput,KOTPAD,CHANDILI,PIRINJI,33
Koraput,KOTPAD,CHATARLA,CHATTARLA,68
Koraput,KOTPAD,CHATARLA,CHATTARLA (J.GUDA),1
Koraput,KOTPAD,CHATARLA,CHATTARLA (NUAGUDA),23
Koraput,KOTPAD,CHATARLA,CHATTARLA (R.GUDA),2
Koraput,KOTPAD,CHATARLA,CHATTARLA (SIRAGUDA),2
Koraput,KOTPAD,CHATARLA,DUMAJODI,51
Koraput,KOTPAD,CHITRA,CHITRA,102
Koraput,KOTPAD,CHITRA,KALIAGUDA,2
Koraput,KOTPAD,CHITRA,MAKAPUT,33
Koraput,KOTPAD,DHAMNAHANDI,BHURUSI,4
Koraput,KOTPAD,DHAMNAHANDI,BHUSRUSI,2
Koraput,KOTPAD,DHAMNAHANDI,KUHUDIGAM,29
Koraput,KOTPAD,DHAMNAHANDI,POCHIA,8
Koraput,KOTPAD,GHUMAR,GHUMAR,67
Koraput,KOTPAD,GHUMAR,HARDALI,16
Koraput,KOTPAD,GHUMAR,NEHERUPALLI,11
Koraput,KOTPAD,GIRLA,DHANPUR,4
Koraput,KOTPAD,GIRLA,GIRLA,15
Koraput,KOTPAD,GUALI,BANIA,8
Koraput,KOTPAD,GUMUDA,BASULI,13
Koraput,KOTPAD,KUSUMI,BIJARAPALI,3
Koraput,KOTPAD,KUSUMI,KONDAGUDA,16
Koraput,KOTPAD,KUSUMI,MUNDIPADAR,5
Koraput,KOTPAD,MURTAHANDI,AMBAGAM,19
Koraput,KOTPAD,MURTAHANDI,BANDHA GUDA,1
Koraput,KOTPAD,MURTAHANDI,BANDHAGUDA,6
Koraput,KOTPAD,MURTAHANDI,MALCHAMAL,13
Koraput,KOTPAD,MURTAHANDI,SAHANIMUNDA,45
Koraput,KOTPAD,NUAGAM,KUMAHANDI,1
Koraput,KOTPAD,NUAGAM,SANDHAGAM,9
Koraput,KOTPAD,S.B. NUAGAM,KHADAGPUR,8
Koraput,KOTPAD,SADRANGA,BARANDI,23
Koraput,KOTPAD,SADRANGA,BELGAM,15
Koraput,KOTPAD,SADRANGA,BELGAON,40
Koraput,KOTPAD,SADRANGA,JAMGUDA,11
Koraput,KOTPAD,SADRANGA,MAJHIGUDA (SADARANGA),40
Koraput,KOTPAD,SADRANGA,SIRISI,41
Koraput,KOTPAD,SANPARIA,AMTA,9
Koraput,KOTPAD,SANPARIA,BUKUBANDHA,5
Koraput,KOTPAD,SARGIGUDA,ANDIRAMUNDA,33
Koraput,KOTPAD,SARGIGUDA,BIRAHANDI,28
Koraput,KOTPAD,SARGIGUDA,MIRIGUDA,10
Koraput,KOTPAD,SARGIGUDA,PATHANGUDA,7
Koraput,KOTPAD,SARGIGUDA,SARGIGUDA,4
Koraput,KUNDRA,ASANA,ASANA,2
Koraput,KUNDRA,ASANA,BANGALGUDA,7
Koraput,KUNDRA,ASANA,BHATAPANI,7
Koraput,KUNDRA,ASANA,BISIBETA,6
Koraput,KUNDRA,ASANA,BRAHMANIPADAR,2
Koraput,KUNDRA,ASANA,DUDHABEDA,1
Koraput,KUNDRA,ASANA,DUDUMAPADAR,7
Koraput,KUNDRA,ASANA,GALIPUDA,1
Koraput,KUNDRA,ASANA,GANDHIGUDA,6
Koraput,KUNDRA,ASANA,GHIURIAGUDA,2
Koraput,KUNDRA,ASANA,KADALMUNDA,4
Koraput,KUNDRA,ASANA,KANDHAJODI,3
Koraput,KUNDRA,ASANA,KAU JHARAN,9
Koraput,KUNDRA,ASANA,PHULBATA,2
Koraput,KUNDRA,ASANA,SIRAGUDA,7
Koraput,KUNDRA,ASANA,UDULGUDA,44
Koraput,KUNDRA,BAGDERI,BAGDERI,73
Koraput,KUNDRA,BAGDERI,BALIBEDA,3
Koraput,KUNDRA,BAGDERI,BUDAGUDA,3
Koraput,KUNDRA,BAGDERI,DANGARAPALLI,29
Koraput,KUNDRA,BAGDERI,DISARIGUDA,1
Koraput,KUNDRA,BAGDERI,GHADANGAGUDA,4
Koraput,KUNDRA,BAGDERI,KANAGUDA,14
Koraput,KUNDRA,BAGDERI,KANTHAPADAR,17
Koraput,KUNDRA,BAGDERI,KAPUGUDA,1
Koraput,KUNDRA,BAGDERI,KENDUGUDA,1
Koraput,KUNDRA,BAGDERI,KRUPAKOT,1
Koraput,KUNDRA,BAGDERI,KRUPAKOTE,10
Koraput,KUNDRA,BAGDERI,REXAKONADI,34
Koraput,KUNDRA,BAGDERI,SARALAGUDA,1
Koraput,KUNDRA,BANUAGUDA,GORUSALGUDA,1
Koraput,KUNDRA,BHUSANGGUDA,NAIKARE,3
Koraput,KUNDRA,BHUSANGGUDA,SARGIGUDA,1
Koraput,KUNDRA,DANGARPAUNSI,BEDAPAUNSI,16
Koraput,KUNDRA,DANGARPAUNSI,BHEJAHANDI,1
Koraput,KUNDRA,DANGARPAUNSI,DANGARPAUNSI,4
Koraput,KUNDRA,DANGARPAUNSI,PHUPUGAON,2
Koraput,KUNDRA,DIGAPUR,DIGAPUR,35
Koraput,KUNDRA,DIGAPUR,PRADHANIPUT,5
Koraput,KUNDRA,GHUMAR,GHUMAR,19
Koraput,KUNDRA,KERIMITI,DUDUMAGUDA,6
Koraput,KUNDRA,KERIMITI,GAMAKAPADAR,11
Koraput,KUNDRA,KERIMITI,JABAPADAR,7
Koraput,KUNDRA,KERIMITI,JIRAGUDA,1
Koraput,KUNDRA,KERIMITI,KADALIMUNDA,8
Koraput,KUNDRA,KERIMITI,KANDHAJODI,5
Koraput,KUNDRA,KERIMITI,PADAR SAHI,3
Koraput,KUNDRA,KERIMITI,TUMBAPADAR,13
Koraput,KUNDRA,KUNDRA,BANAGUDA,6
Koraput,KUNDRA,KUNDRA,HERUGUDA,14
Koraput,KUNDRA,KUNDRA,HERUGUDA (KAUDIAGUDA),1
Koraput,KUNDRA,KUNDRA,JIRAGUDA,6
Koraput,KUNDRA,KUNDRA,KAUDIAGUDA,1
Koraput,KUNDRA,KUNDRA,KUNDRA,21
Koraput,KUNDRA,KUNDRA,MANKIDIGUDA,2
Koraput,KUNDRA,KUNDRA,PADAMPUR,2
Koraput,KUNDRA,KUNDRA,PAKHNAGUDA,9
Koraput,KUNDRA,KUNDRA,SAGARGUDA,23
Koraput,KUNDRA,KUNDRA,SAGRAGUDA,1
Koraput,KUNDRA,LIMA,BANDHIAGUDA,1
Koraput,KUNDRA,LIMA,KUSUMGUDA,5
Koraput,KUNDRA,LIMA,PUKIAGUDA,1
Koraput,KUNDRA,MASSIGAON,BARAGAON,5
Koraput,KUNDRA,MASSIGAON,GULURIGUDA,2
Koraput,KUNDRA,MASSIGAON,JHADANGA,40
Koraput,KUNDRA,RANIGUDA,KUMARGUDA,1
Koraput,KUNDRA,RANIGUDA,RANIGUDA,20
Koraput,KUNDRA,RANIGUDA,SARGIGUDA,21
Koraput,LAMTAPUT,BADIGADA,DAKARIPADA,16
Koraput,LAMTAPUT,BADIGADA,DENGASEMILI,32
Koraput,LAMTAPUT,BADIGADA,JAYANTAGIRI,25
Koraput,LAMTAPUT,BADIGADA,KUJAMBA,36
Koraput,LAMTAPUT,BADIGADA,RIDAL,48
Koraput,LAMTAPUT,CHIKENAPUT,GONEL,40
Koraput,LAMTAPUT,CHIKENPUT,DUMURIGUDA,11
Koraput,LAMTAPUT,CHIKENPUT,MANTRIPUT,61
Koraput,LAMTAPUT,CHIKENPUT,MUNDAPUT,46
Koraput,LAMTAPUT,CHIKENPUT,SIKREL,28
Koraput,LAMTAPUT,CHIKENPUT,SURUMEL,13
Koraput,LAMTAPUT,DABUGUDA,CHANDUA,42
Koraput,LAMTAPUT,DABUGUDA,CHARAGUDA,1
Koraput,LAMTAPUT,DABUGUDA,CHATRA,15
Koraput,LAMTAPUT,DABUGUDA,CHUPA,13
Koraput,LAMTAPUT,DABUGUDA,MARDINGPADA,5
Koraput,LAMTAPUT,GODIHANGAR,RAIPADA,93
Koraput,LAMTAPUT,GODIHANJAR,BANDHAPODA,11
Koraput,LAMTAPUT,GUNEIPADA,AMBAPARA,27
Koraput,LAMTAPUT,GUNEIPADA,BAYAPUT,25
Koraput,LAMTAPUT,GUNEIPADA,KHAJURIPUT,40
Koraput,LAMTAPUT,GUNEIPADA,TIKA SEMILI,9
Koraput,LAMTAPUT,GUNEIPODA,LITIPUT,32
Koraput,LAMTAPUT,JALANJAR,ALLANGPADA,6
Koraput,LAMTAPUT,KUMARGANDHANA,HINGAIPUT,20
Koraput,LAMTAPUT,KUMARGANDHANA,KODAMGUDA,27
Koraput,LAMTAPUT,KUMARGANDHANA,MALIKHUDUBI,5
Koraput,LAMTAPUT,KUMARGANDHANA,MUNDAGAD,19
Koraput,LAMTAPUT,MUKHIPUT/JALAHANJAR,ALONGAPADA,11
Koraput,LAMTAPUT,TUSBA,BODAPADA,1
Koraput,LAMTAPUT,TUSBA,KANCHANA,53
Koraput,LAMTAPUT,TUSUBA,AUDIPADA / ALLANGAPADA,3
Koraput,LAMTAPUT,TUSUBA,AUDIPODA,94
Koraput,LAMTAPUT,TUSUBA,BADAPADA,48
Koraput,LAMTAPUT,TUSUBA,MISSINGPUT,9
Koraput,LAXMIPUR,BHITARAGADA,BHITARGADA,1
Koraput,LAXMIPUR,BHITARAGADA,BISARABANDHA,17
Koraput,LAXMIPUR,BHITARAGADA,GANEIPADAR,25
Koraput,LAXMIPUR,BURJA,BANDHIKAR,15
Koraput,LAXMIPUR,BURJA,BANDIKAR,43
Koraput,LAXMIPUR,BURJA,CHILISANKA,29
Koraput,LAXMIPUR,BURJA,LAXMIPUR ( BADASANKHA ),19
Koraput,LAXMIPUR,KUSUMGUDA,KUCHAPAR,23
Koraput,LAXMIPUR,KUSUMGUDA,KURUMULI,38
Koraput,LAXMIPUR,KUSUMGUDA,KUSUMGUDA,27
Koraput,LAXMIPUR,KUTINGA,MINAPAI,72
Koraput,LAXMIPUR,LAXMIPUR,DOLIAMBA,15
Koraput,LAXMIPUR,LAXMIPUR,GHODA TIKIRI,27
Koraput,LAXMIPUR,LAXMIPUR,GHPOADNAA STPIUKTIRI,1
Koraput,LAXMIPUR,LAXMIPUR,KEGEJA,40
Koraput,LAXMIPUR,LAXMIPUR,LAXMIPUR,78
Koraput,LAXMIPUR,LAXMIPUR,NARSIKAIPADAR,46
Koraput,LAXMIPUR,LAXMIPUR,NISAR,24
Koraput,LAXMIPUR,LAXMIPUR,RANJITAGUDA,12
Koraput,LAXMIPUR,LAXMIPUR,RANJITGUDA /,1
Koraput,LAXMIPUR,LAXMIPUR,RPANAJNIATGSUPDUAT /,35
Koraput,LAXMIPUR,ODIAPENTHA,TALAKAIPADAR,75
Koraput,LAXMIPUR,PANCHADA,BAGAIPADAR,73
Koraput,LAXMIPUR,PANCHADA,DENGASILAGUDA,16
Koraput,LAXMIPUR,PANCHADA,JHODIKHENDA,42
Koraput,LAXMIPUR,PANCHADA,JODIKHENDA,56
Koraput,LAXMIPUR,PANCHADA,NUAGUDA,2
Koraput,LAXMIPUR,PIPALPADAR,KEBIDI,96
Koraput,LAXMIPUR,TOYAPUT,CHIKUGUDA,34
Koraput,LAXMIPUR,TOYAPUT,DIASIL,69
Koraput,LAXMIPUR,TOYAPUT,DUMURIPADAR,9
Koraput,LAXMIPUR,TOYAPUT,KONAPADI,6
Koraput,LAXMIPUR,TOYAPUT,PODA SANKUDI,91
Koraput,LAXMIPUR,TOYAPUT,PODASANKUDI,8
Koraput,LAXMIPUR,TOYAPUT,RAISIL,87
Koraput,LAXMIPUR,TOYAPUT,SORISAPADAR,95
Koraput,LAXMIPUR,TOYAPUT,TAYAPUT,19
Koraput,LAXMIPUR,TOYAPUT,USKABHATTA,87
Koraput,LAXMIPUR,TUNPAR,KALIAJHOLA,29
Koraput,LAXMIPUR,TUNPAR,MAHULKANA,8
Koraput,LAXMIPUR,TUNPAR,TIRIGUDA,39
Koraput,LAXMIPUR,UPPER KUTINGA,BALINGI,97
Koraput,LAXMIPUR,UPPER KUTINGA,DHAMANAGONDA,34
Koraput,LAXMIPUR,UPPER KUTINGA,KARLI,78
Koraput,LAXMIPUR,UPPER KUTINGA,PANDAKAPADAR,14
Koraput,LAXMIPUR,UPPER KUTINGA,SAPAMBA,11
Koraput,LAXMIPUR,UPPER KUTINGA,TALA KUTTINGA,90
Koraput,LAXMIPUR,UPPER KUTINGA,UPPER KUTINGA,52
Koraput,NAME OF THE BLOCK,NAME OF THE G.P,NAME OF THE VILLAGE,531
Koraput,NANDAPUR,ATANDA,REDING,11
Koraput,NANDAPUR,ATANDA,SEMILI,41
Koraput,NANDAPUR,BALDA,CHILLAM,19
Koraput,NANDAPUR,BALDA,KHADAPUT,5
Koraput,NANDAPUR,BALDA,KODAPUT,4
Koraput,NANDAPUR,BALDA,LULUBURU,19
Koraput,NANDAPUR,BALDA,PARAJABHIMDOL,31
Koraput,NANDAPUR,BARANGAPALI,BARANGAPALI,44
Koraput,NANDAPUR,BHEJA,KHILAPUT,4
Koraput,NANDAPUR,BHEJA,TAINTAR,46
Koraput,NANDAPUR,CHATUA,MUSAPAR,8
Koraput,NANDAPUR,CHATUA,NARIGAM,40
Koraput,NANDAPUR,KASANDI,BANDAKAPUT,23
Koraput,NANDAPUR,KASANDI,BILAPUT,14
Koraput,NANDAPUR,KASANDI,DEBUGUDA,23
Koraput,NANDAPUR,KHEMUNDUGUDA,BARIAPAKANA,28
Koraput,NANDAPUR,KHEMUNDUGUDA,KHEMUNDUGUDA,8
Koraput,NANDAPUR,KHEMUNDUGUDA,MALIKUMBHARIPUT,14
Koraput,NANDAPUR,KHEMUNDUGUDA,RUKUBA,5
Koraput,NANDAPUR,KHEMUNDUGUDA,SALAB,16
Koraput,NANDAPUR,KHURJI,CHARAMPI,5
Koraput,NANDAPUR,KHURJI,KIRAJHOLA,38
Koraput,NANDAPUR,KHURJI,NANDIGAON,3
Koraput,NANDAPUR,KOSANDI,RETAPUT,33
Koraput,NANDAPUR,KULABIR,DUMURIPUT,11
Koraput,NANDAPUR,KULABIR,TALAGUDA,39
Koraput,NANDAPUR,KULABIRI,BADAHANJAOR,36
Koraput,NANDAPUR,KULABIRI,BNAJALPUT,23
Koraput,NANDAPUR,KULABIRI,MALISUBLAR,55
Koraput,NANDAPUR,NANDAKA,BANDHUGUDA,7
Koraput,NANDAPUR,NANDAKA,CHINTALGUDA,19
Koraput,NANDAPUR,NANDAKA,DOMURIGUDA,21
Koraput,NANDAPUR,NANDAKA,JHANKARGUDA,14
Koraput,NANDAPUR,NANDAKA,NANDAKA,11
Koraput,NANDAPUR,NANDAKA,PANASPUT,11
Koraput,NANDAPUR,NANDAKA,PHONUA,22
Koraput,NANDAPUR,NANDAPUR,BHITARGUDA ( NDP),4
Koraput,NANDAPUR,NANDAPUR,CHITALPUT,1
Koraput,NANDAPUR,NANDAPUR,KAUDIKHAL,5
Koraput,NANDAPUR,NANDAPUR,NANDAPUR,6
Koraput,NANDAPUR,NANDAPUR,SARIAPUT,3
Koraput,NANDAPUR,NANDOKA,HALAI,22
Koraput,NANDAPUR,NANDOKA,KADIKIPADAR,14
Koraput,NANDAPUR,NANDOKA,PANASPUT,44
Koraput,NANDAPUR,NANDOKA,PARAJA BURUDA,22
Koraput,NANDAPUR,NANDOKA,UMAIGANDHI,11
Koraput,NANDAPUR,NONDOKA,BIJAGUDA,9
Koraput,NANDAPUR,PADUA,AMBAPODA,13
Koraput,NANDAPUR,PADUA,GUMIGUDA,8
Koraput,NANDAPUR,PADUA,PADUA,21
Koraput,NANDAPUR,PADWA,AMBAPADA,21
Koraput,NANDAPUR,PADWA,BALIGHAT,17
Koraput,NANDAPUR,PADWA,GUNJIAGUDA,9
Koraput,NANDAPUR,PADWA,KIRAMBO,10
Koraput,NANDAPUR,PADWA,KUKUDAPAKHI,39
Koraput,NANDAPUR,PADWA,SADARAMBO,26
Koraput,NANDAPUR,PADWA,SIRISGUDA,28
Koraput,NANDAPUR,PANTHALUNG,CHAMPAJHADI,19
Koraput,NANDAPUR,PANTHULUNGA,RATULPUT,29
Koraput,NANDAPUR,RAISING,DEBASANDHAGUDA,7
Koraput,NANDAPUR,RAISING,KATRABA,22
Koraput,NANDAPUR,RAISING,KHATALAPUT,7
Koraput,NANDAPUR,RAISING,MANGRAL,30
Koraput,NANDAPUR,RAISING,MULDA,36
Koraput,NARAYANAPATNA,BALIPETA,BEJUGUDA,18
Koraput,NARAYANAPATNA,BALIPETA,BICHALCHUVA,19
Koraput,NARAYANAPATNA,BALIPETA,DANDAPETA,7
Koraput,NARAYANAPATNA,BALIPETA,GOTIGUDA,1
Koraput,NARAYANAPATNA,BALIPETA,JOGIPALURU,12
Koraput,NARAYANAPATNA,BALIPETA,KAMIPADAR,25
Koraput,NARAYANAPATNA,BALIPETA,MASANIMUNDA,4
Koraput,NARAYANAPATNA,BALIPETA,PANABADI,39
Koraput,NARAYANAPATNA,BALIPETA,PHULPADAR,13
Koraput,NARAYANAPATNA,BALIPETA,PILKUR,2
Koraput,NARAYANAPATNA,BALIPETA,RAJIMPADAR,6
Koraput,NARAYANAPATNA,BALIPETA,SOMOJA,13
Koraput,NARAYANAPATNA,BIJAGHATI,BHALUPADAR,8
Koraput,NARAYANAPATNA,BIJAGHATI,BIJAGHATI - B,49
Koraput,NARAYANAPATNA,BIJAGHATI,JHODIPADAR,91
Koraput,NARAYANAPATNA,BIJAGHATI,KALAMGUDA,34
Koraput,NARAYANAPATNA,BIJAGHATI,MUNDAGADATI,68
Koraput,NARAYANAPATNA,BIJAGHATI,RAGAJHODI,6
Koraput,NARAYANAPATNA,BIJAGHATI,TALAGADATI,17
Koraput,NARAYANAPATNA,BIJAGHATI,TOBHAPADAR,42
Koraput,NARAYANAPATNA,BIJAGHATI,UPPER GADATI,36
Koraput,NARAYANAPATNA,BORGI,BASANTAJHOLA,14
Koraput,NARAYANAPATNA,BORGI,BORGI,36
Koraput,NARAYANAPATNA,BORGI,CHINTALGUDA,26
Koraput,NARAYANAPATNA,BORGI,DUGAMA,11
Koraput,NARAYANAPATNA,BORGI,KELUBADI,12
Koraput,NARAYANAPATNA,BORGI,MANGALPUR,34
Koraput,NARAYANAPATNA,BORGI,MONJORIGUDA,17
Koraput,NARAYANAPATNA,BORGI,PEDAITIKI,42
Koraput,NARAYANAPATNA,BORIGI,BORIGI,15
Koraput,NARAYANAPATNA,BORIGI,JAMADAWALASA,46
Koraput,NARAYANAPATNA,BORIGI,KELUBADI,26
Koraput,NARAYANAPATNA,BORIGI,KILIMISI,32
Koraput,NARAYANAPATNA,BORIGI,KONDA BORIGI,41
Koraput,NARAYANAPATNA,BORIGI,MONDAPAI,5
Koraput,NARAYANAPATNA,BORIGI,UPPER LACCHA,63
Koraput,NARAYANAPATNA,KUMBARI,CHINTAGUDA,14
Koraput,NARAYANAPATNA,KUMBARI,PACHINGI,46
Koraput,NARAYANAPATNA,KUMBHARI,BAGAM,14
Koraput,NARAYANAPATNA,KUMBHARI,KANCHANAPADU,54
Koraput,NARAYANAPATNA,KUMBHARI,MANDIAGUDA,29
Koraput,NARAYANAPATNA,KUMBHARI,NARIKHILUA,44
Koraput,NARAYANAPATNA,LANGALABEDA,PANDRIVALASA,4
Koraput,NARAYANAPATNA,LANGALBEDA,BADAKESLA,9
Koraput,NARAYANAPATNA,LANGALBEDA,BADAKESLA-B,7
Koraput,NARAYANAPATNA,LANGALBEDA,BERLA,31
Koraput,NARAYANAPATNA,LANGALBEDA,CHINAKIDIBHADRA,9
Koraput,NARAYANAPATNA,LANGALBEDA,DALAIPETA,7
Koraput,NARAYANAPATNA,LANGALBEDA,HUKUMPETA,14
Koraput,NARAYANAPATNA,LANGALBEDA,KANKANAPUT,10
Koraput,NARAYANAPATNA,LANGALBEDA,KANKANPUT,12
Koraput,NARAYANAPATNA,LANGALBEDA,KASPABALSA,11
Koraput,NARAYANAPATNA,LANGALBEDA,KUKUMPETA,1
Koraput,NARAYANAPATNA,LANGALBEDA,LANGALBEDA,3
Koraput,NARAYANAPATNA,LANGALBEDA,PEDAKHIMINDIBHADRA,18
Koraput,NARAYANAPATNA,LANGALBEDA,PHULBADI,11
Koraput,NARAYANAPATNA,LANGALBEDA,RAIBALSA,8
Koraput,NARAYANAPATNA,LANGALBEDA,RENGA,10
Koraput,NARAYANAPATNA,LANGALBEDA,SEKHRAM,10
Koraput,NARAYANAPATNA,LANGALBEDA,TALAKESHLA,31
Koraput,NARAYANAPATNA,LANGALBEDA,UPPER UDALBADI,8
Koraput,NARAYANAPATNA,NARAYANAPATNA,ALAKAPAI,39
Koraput,NARAYANAPATNA,NARAYANAPATNA,BIKRAMPUR-B,22
Koraput,NARAYANAPATNA,NARAYANAPATNA,JOGIPALURU,49
Koraput,NARAYANAPATNA,NARAYANAPATNA,KHARIKANA,12
Koraput,NARAYANAPATNA,NARAYANAPATNA,NARAYANAPATNA,17
Koraput,NARAYANAPATNA,NARAYANAPATNA,ODIYAPENTHA,9
Koraput,NARAYANAPATNA,NARAYANAPATNA,PALAPUT,7
Koraput,NARAYANAPATNA,NARAYANAPATNA,PANGAPALUR,13
Koraput,NARAYANAPATNA,NARAYANAPATNA,PILIBARI,4
Koraput,NARAYANAPATNA,NARAYANAPATNA,SATIKHAL-B,11
Koraput,NARAYANAPATNA,NARAYANPATNA,AMBAGUDA,13
Koraput,NARAYANAPATNA,NARAYANPATNA,DURGANDAGHATI,4
Koraput,NARAYANAPATNA,NARAYNAPATNA,INDIRA COLONY,11
Koraput,NARAYANAPATNA,PADAPADAR,MANKIDI,14
Koraput,NARAYANAPATNA,PODAPADAR,ARLIKOTA,17
Koraput,NARAYANAPATNA,PODAPADAR,BHALIAPUT,38
Koraput,NARAYANAPATNA,PODAPADAR,MANKIDI,52
Koraput,NARAYANAPATNA,PODAPADAR,SALAPGUDA,10
Koraput,NARAYANAPATNA,PODAPADAR,SUDESI,40
Koraput,NARAYANAPATNA,PODAPADAR,TINGINAPUT,35
Koraput,NARAYANAPATNA,PODAPADAR,UPPER RENGA,24
Koraput,NARAYANAPATNA,PODAPDAR,LOUMALA,39
Koraput,NARAYANAPATNA,PODAPDAR,NAKTIPADAR,28
Koraput,NARAYANAPATNA,PODAPDAR,SALAPGUDA - B,21
Koraput,NARAYANAPATNA,TALAGUMANDHI,CHIKALGUMANDHI,21
Koraput,NARAYANAPATNA,TALAGUMANDHI,TALAGUMANDHI,142
Koraput,NARAYANAPATNA,TALAGUMANDI,BADASIL,26
Koraput,NARAYANAPATNA,TALAGUMANDI,BALA,72
Koraput,NARAYANAPATNA,TALAGUMANDI,KARADIPADAR,69
Koraput,NARAYANAPATNA,TALAGUMANDI,UPPERGUMANDI,32
Koraput,NARAYANAPATNA,TENTULIPADAR,DANGAPAI,1
Koraput,NARAYANAPATNA,TENTULIPADAR,KANAKA,8
Koraput,NARAYANAPATNA,TENTULIPADAR,KARADAPAI,31
Koraput,NARAYANAPATNA,TENTULIPADAR,KUMUDASIL,10
Koraput,NARAYANAPATNA,TENTULIPADAR,KUTUDI,2
Koraput,NARAYANAPATNA,TENTULIPADAR,LAXMIGUDA,2
Koraput,NARAYANAPATNA,TENTULIPADAR,MAHJIAMBA,35
Koraput,NARAYANAPATNA,TENTULIPADAR,MAHJIAMBA-B,45
Koraput,NARAYANAPATNA,TENTULIPADAR,RANGAPANI,75
Koraput,NARAYANAPATNA,TENTULIPADAR,TENTULIPADAR,13
Koraput,POTTANGI,AMBABALI,MARIGUDA,1
Koraput,POTTANGI,AMPABALI,AMPABALI,17
Koraput,POTTANGI,AMPABALI,APALAPADU,1
Koraput,POTTANGI,AMPABALI,BORUGUDA,15
Koraput,POTTANGI,AMPABALI,CHINTALGUDA,3
Koraput,POTTANGI,AMPABALI,ERUKUGUDA,9
Koraput,POTTANGI,AMPABALI,KURLI,6
Koraput,POTTANGI,AMPABALI,MARIGUDA,6
Koraput,POTTANGI,AMPABALI,MIRALIPADU,2
Koraput,POTTANGI,AMPAVALI,PALLAVALASA,23
Koraput,POTTANGI,AMPHABALI,BANDHAGUDA,7
Koraput,POTTANGI,AMPHABALI,CHALANPADU,6
Koraput,POTTANGI,AMPHABALI,CHEPTIAMBAGUDA,4
Koraput,POTTANGI,AMPHABALI,KAMARPADU,64
Koraput,POTTANGI,AMPHABALI,KYLARGANDHI,10
Koraput,POTTANGI,AMPHABALI,MATAMJHILIGUNTHA,14
Koraput,POTTANGI,AMPHABALI,MITRIPADU,17
Koraput,POTTANGI,AMPHABALI,MULAGUDA,24
Koraput,POTTANGI,AMPHABALI,NARANGIGUDA,6
Koraput,POTTANGI,AMPHABALI,PALLABALASA,1
Koraput,POTTANGI,AMPHABALI,RANGANIGUDA,1
Koraput,POTTANGI,CHANDAKA,ADARIGUDA,1
Koraput,POTTANGI,CHANDAKA,BANIGAGUDA,21
Koraput,POTTANGI,CHANDAKA,BARAJA,14
Koraput,POTTANGI,CHANDAKA,BAROJO,123
Koraput,POTTANGI,CHANDAKA,BENAMA GUDA,3
Koraput,POTTANGI,CHANDAKA,CHANDAKA,32
Koraput,POTTANGI,CHANDAKA,CHINTALAGUDA,29
Koraput,POTTANGI,CHANDAKA,CHINTALGUDA,21
Koraput,POTTANGI,CHANDAKA,CHINTALGUDA-B,8
Koraput,POTTANGI,CHANDAKA,DUSURIGUDA,44
Koraput,POTTANGI,CHANDAKA,GALIPADU,17
Koraput,POTTANGI,CHANDAKA,GALIPADU - C,9
Koraput,POTTANGI,CHANDAKA,GIRLIGUDA,26
Koraput,POTTANGI,CHANDAKA,GUGAGUDA,40
Koraput,POTTANGI,CHANDAKA,JHANKARGUDA,5
Koraput,POTTANGI,CHANDAKA,JHILLIGULU,17
Koraput,POTTANGI,CHANDAKA,KHAJURIGUDA,46
Koraput,POTTANGI,CHANDAKA,KHOJURIGUA,28
Koraput,POTTANGI,CHANDAKA,KODABALASA,32
Koraput,POTTANGI,CHANDAKA,MADILIGUDA,3
Koraput,POTTANGI,CHANDAKA,PAKHANAGUDA,8
Koraput,POTTANGI,CHANDAKA,PANGIGUDA,69
Koraput,POTTANGI,CHANDAKA,RAIPADU,2
Koraput,POTTANGI,CHANDAKA,SANA LAKARAI,1
Koraput,POTTANGI,CHANDAKA,SANAMAGUDA,1
Koraput,POTTANGI,CHANDAKA,SANGAMGUDA,8
Koraput,POTTANGI,CHANDAKA,T. KARABADA,2
Koraput,POTTANGI,CHANDAKA,U.KARADABA,22
Koraput,POTTANGI,CHANDAKA,UPPER KARADABA,30
Koraput,POTTANGI,DEO POTTANGI,NANDIGUDA,21
Koraput,POTTANGI,DEOPATTANGI,HOLODIGUDA,18
Koraput,POTTANGI,DEOPATTANGI,MATIAGUDA,18
Koraput,POTTANGI,DEOPATTANGI,SANGAMGUDA,42
Koraput,POTTANGI,DEOPOTTANGI,JIRJIRA,30
Koraput,POTTANGI,DEOPOTTANGI,LINGAMAGUDA,43
Koraput,POTTANGI,GANGARAJAPUR,CHIKALMARI,22
Koraput,POTTANGI,GANGARAJAPUR,GANGAMAGUDA,14
Koraput,POTTANGI,GANGARAJAPUR,SAKIREOU,46
Koraput,POTTANGI,GANGARAJPUR,GUNJIPADU,37
Koraput,POTTANGI,GANGARAJPUR,NILAMPADU,45
Koraput,POTTANGI,GANGARAJPUR,SAKILAMARI,34
Koraput,POTTANGI,GANGARAJPUR,SETRAI,66
Koraput,POTTANGI,GANGARAJPUR,SIKALAMARI,16
Koraput,POTTANGI,KOTIA,BARANAPADU,10
Koraput,POTTANGI,KOTIA,DHULIPADAR,86
Koraput,POTTANGI,KOTIA,DOLIAMBO,88
Koraput,POTTANGI,KOTIA,GANGEIPADAR,9
Koraput,POTTANGI,KOTIA,GANJEIPADAR,112
Koraput,POTTANGI,KOTIA,GONJEIPADAR,72
Koraput,POTTANGI,KOTIA,GUMELPADAR,16
Koraput,POTTANGI,KOTIA,HARAMANDINGI,98
Koraput,POTTANGI,KOTIA,JAMUGUDA,1
Koraput,POTTANGI,KOTIA,JANIGUDA,46
Koraput,POTTANGI,KOTIA,KANADORA,70
Koraput,POTTANGI,KOTIA,KARANJAGUDA,63
Koraput,POTTANGI,KOTIA,KODIAMBA,20
Koraput,POTTANGI,KOTIA,KOTIA,217
Koraput,POTTANGI,KOTIA,KURUDIPADAR,27
Koraput,POTTANGI,KOTIA,MADKAR,108
Koraput,POTTANGI,KOTIA,MAHIPANI,16
Koraput,POTTANGI,KOTIA,MATHALAMBA,70
Koraput,POTTANGI,KOTIA,PHAGUNASENERI,125
Koraput,POTTANGI,KOTIA,PHATU SINARI,80
Koraput,POTTANGI,KOTIA,PHULPADAR,18
Koraput,POTTANGI,KOTIA,RANASINGH,64
Koraput,POTTANGI,KOTIA,SALAPAGUDA,44
Koraput,POTTANGI,KOTIA,SALIMPADAR,55
Koraput,POTTANGI,KOTIA,SIDIBALASA,14
Koraput,POTTANGI,KOTIA,SIMAGEDA,35
Koraput,POTTANGI,KOTIA,TALA GANJEIPADAR,139
Koraput,POTTANGI,KOTIA,TALA PANIKI,56
Koraput,POTTANGI,KOTIA,TALA SEMBI,54
Koraput,POTTANGI,KOTIA,TALABARABANDHA,59
Koraput,POTTANGI,KOTIA,TALAKANTI,22
Koraput,POTTANGI,KOTIA,TAUPADAR,75
Koraput,POTTANGI,KOTIA,THURIA,88
Koraput,POTTANGI,KOTIA,UPPER PANIKI,24
Koraput,POTTANGI,KOTIA,UPPER SEMBI,78
Koraput,POTTANGI,MALIPUT,KIRAJHOLA,36
Koraput,POTTANGI,MALIPUT,MULKARBANDA,40
Koraput,POTTANGI,MALIPUT,SINDEI,163
Koraput,POTTANGI,MALIPUT,SIPAIPUT,28
Koraput,POTTANGI,NUAGAM,DIGAGABDAR,35
Koraput,POTTANGI,NUAGAM,DIGU GABADAR,10
Koraput,POTTANGI,NUAGAM,DIGUGABADAR,3
Koraput,POTTANGI,NUAGAM,GALIGABADORA,6
Koraput,POTTANGI,NUAGAM,KAKIPADU,13
Koraput,POTTANGI,NUAGAM,KARTALMAUDI,51
Koraput,POTTANGI,NUAGAM,MADAMAGANDHI,48
Koraput,POTTANGI,NUAGAM,MADAMGANDHI,8
Koraput,POTTANGI,NUAGAM,NUAGAM,26
Koraput,POTTANGI,NUAGANA,GALIGABADARA,48
Koraput,POTTANGI,NUAGAON,BADAPADU,50
Koraput,POTTANGI,PETRU,ADATIKA,27
Koraput,POTTANGI,PETRU,BADAGUDA,6
Koraput,POTTANGI,PETRU,BANDHAGUDA,13
Koraput,POTTANGI,PETRU,BARIGUDA,6
Koraput,POTTANGI,PETRU,DORASIDUPETA,1
Koraput,POTTANGI,PETRU,DUMURIGUDA,14
Koraput,POTTANGI,PETRU,IPAGUDA,9
Koraput,POTTANGI,PETRU,JHILIGULU,15
Koraput,POTTANGI,PETRU,JILAGUNTHA,52
Koraput,POTTANGI,PETRU,KAMBIRIPADU,12
Koraput,POTTANGI,PETRU,KANDHASIDUMETA,8
Koraput,POTTANGI,PETRU,KARANJAGUDA,11
Koraput,POTTANGI,PETRU,KARANJIGUDA,19
Koraput,POTTANGI,PETRU,KARKAGUDA,8
Koraput,POTTANGI,PETRU,MADILIGUDA,36
Koraput,POTTANGI,PETRU,MADIPADU,8
Koraput,POTTANGI,PETRU,METAKANDILI,65
Koraput,POTTANGI,PETRU,MUDRAMGUDA,4
Koraput,POTTANGI,PETRU,MULAPADALGUDA,29
Koraput,POTTANGI,PETRU,PADALGUDA,1
Koraput,POTTANGI,PETRU,PURIGUDA,12
Koraput,POTTANGI,PETRU,SALAPAGUDA,16
Koraput,POTTANGI,PETRU,SIRUKUDABA,3
Koraput,POTTANGI,PETURU,BHATIGUDA,28
Koraput,POTTANGI,PETURU,EPAGUDA,2
Koraput,POTTANGI,PETURU,JHILLIGUNTHA,37
Koraput,POTTANGI,PETURU,KARKAGUDA,13
Koraput,POTTANGI,PETURU,KONDHA SIDIMETU,7
Koraput,POTTANGI,PETURU,MARIGUDA,24
Koraput,POTTANGI,PETURU,MARIPADU,1
Koraput,POTTANGI,PETURU,METAKANDILI,5
Koraput,POTTANGI,PETURU,SALAPAGUDA,21
Koraput,POTTANGI,PETURU,TEDA,1
Koraput,POTTANGI,POTTANGI,BITUGUDA,52
Koraput,POTTANGI,POTTANGI,GANGARAJPUR,12
Koraput,POTTANGI,POTTANGI,GIRILIGUDA,9
Koraput,POTTANGI,POTTANGI,JHAKARGUDA,21
Koraput,POTTANGI,POTTANGI,KAREDI,38
Koraput,POTTANGI,POTTANGI,KATRAGUDA,1
Koraput,POTTANGI,POTTANGI,NUAGUDA,7
Koraput,POTTANGI,POTTANGI,PODALAGUDA,3
Koraput,POTTANGI,POTTANGI,PURUNAPADAPADAR,20
Koraput,POTTANGI,POTTANGI,SEURA,15
Koraput,POTTANGI,POTTANGI,SISAGUDA,98
Koraput,POTTANGI,POTTANGI,SITERAI,1
Koraput,POTTANGI,POTTANGI,SIURA,48
Koraput,POTTANGI,POTTANGI,TALAKATRAGUDA,5
Koraput,POTTANGI,POTTANGI,UPPERKATRAGUDA,9
Koraput,POTTANGI,PUKALI,BADAGUDA,7
Koraput,POTTANGI,PUKALI,BASU GUDA,25
Koraput,POTTANGI,PUKALI,BEDAGUDA,31
Koraput,POTTANGI,PUKALI,BODOPADU,13
Koraput,POTTANGI,PUKALI,BODUGUDA,8
Koraput,POTTANGI,PUKALI,CHAPADIGUDA,29
Koraput,POTTANGI,PUKALI,DEMSAGUDA,42
Koraput,POTTANGI,PUKALI,GHODAGHATI,18
Koraput,POTTANGI,PUKALI,GUNJELPADU,8
Koraput,POTTANGI,PUKALI,GUNTHA,56
Koraput,POTTANGI,PUKALI,JAMUGUDA,12
Koraput,POTTANGI,PUKALI,JHANKARGUDA,23
Koraput,POTTANGI,PUKALI,KARANGIGUDA,10
Koraput,POTTANGI,PUKALI,MAJAGUDA,8
Koraput,POTTANGI,PUKALI,MALIGUDA,39
Koraput,POTTANGI,PUKALI,METAGUDA,25
Koraput,POTTANGI,PUKALI,MULAGUDA,39
Koraput,POTTANGI,PUKALI,PATADUMURIGUDA,11
Koraput,POTTANGI,PUKALI,PATU,1
Koraput,POTTANGI,PUKALI,RAIGUDA,23
Koraput,POTTANGI,PUKALI,RAJ SANKAR,10
Koraput,POTTANGI,PUKALI,RANGANI GUDA,19
Koraput,POTTANGI,PUKALI,SANAPATU,6
Koraput,POTTANGI,PUKALI,SISAGUDA,37
Koraput,POTTANGI,PUKALI,TOTAVALSA,26
Koraput,POTTANGI,RALAGADA,BITRA,73
Koraput,POTTANGI,RALAGADA,KHAMBOPADU,11
Koraput,POTTANGI,RALAGADA,NIMALPADU,1
Koraput,POTTANGI,RALAGADA,PUTAPADU,20
Koraput,POTTANGI,RALAGADA,RAJUGUDA,7
Koraput,POTTANGI,RALAGADA,SIDIPADU,1
Koraput,POTTANGI,RALEGADA,ITABALSA,1
Koraput,POTTANGI,RALEGADA,MIRALAPADU,40
Koraput,POTTANGI,RALEGADA,TELARAI,16
Koraput,POTTANGI,RALEGEDA,BADAPADU,28
Koraput,POTTANGI,RALEGEDA,KURELPADU,11
Koraput,POTTANGI,RALEGEDA,TANGINI,6
Koraput,POTTANGI,RALLEGEDA,JODIMADILI,24
Koraput,POTTANGI,RALLEGEDA,TELERAI,11
Koraput,POTTANGI,RELEGADA,BAILIPADU,10
Koraput,POTTANGI,RELEGADA,PILIKABITRA,13
Koraput,POTTANGI,SAMABAI,P. BHALIAGUDA,35
Koraput,POTTANGI,SAMBAI,BHAILAGUDA,19
Koraput,POTTANGI,SAMBAI,BHALIAGUDA,34
Koraput,POTTANGI,SAMBAI,GOUDA AMBAGUDA,47
Koraput,POTTANGI,SAMBAI,MAKSAPONDEI,6
Koraput,POTTANGI,SAMBAI,MONDALGUDA,9
Koraput,POTTANGI,SAMBAI,MULAGUDA,20
Koraput,POTTANGI,SAMBAI,SAMBAI,6
Koraput,POTTANGI,SAMBAI,SEMILIGUDA,14
Koraput,POTTANGI,SAMBAI,SISAGUDA,1
Koraput,POTTANGI,SOMABI,BADAMGUDA,11
Koraput,POTTANGI,SOMBAI,BHALIAGUDA,17
Koraput,POTTANGI,SOMBAI,BODOGAM,17
Koraput,POTTANGI,SOMBAI,GANDHURIGUDA,7
Koraput,POTTANGI,SOMBAI,JAMUGUDA,32
Koraput,POTTANGI,SOMBAI,KALIBADI,8
Koraput,POTTANGI,SOMBAI,MANDAKOTALA,15
Koraput,POTTANGI,SOMBAI,MASANIGUDA,5
Koraput,POTTANGI,SOMBAI,PANASAGUDA,2
Koraput,POTTANGI,SOMBAI,PHULGUDA,37
Koraput,POTTANGI,SOMBAI,SOMBAI,10
Koraput,POTTANGI,SOMBAI,SUNABEDA,2
Koraput,POTTANGI,SOMBAI,TETERIGUDA,6
Koraput,POTTANGI,SOMBAI,TOVANAYAKGUDA,20
Koraput,POTTANGI,SORADA,JHANKARGUDA,17
Koraput,POTTANGI,SORADA,SALAMI PADU,5
Koraput,POTTANGI,SORADA,SISAGUDA,4
Koraput,POTTANGI,SUNKI,ANTIMAUDI,4
Koraput,POTTANGI,SUNKI,BANDHAGUDA,9
Koraput,POTTANGI,SUNKI,DEBATAGUDA,8
Koraput,POTTANGI,SUNKI,ERAGALPADU,6
Koraput,POTTANGI,SUNKI,GADIGUDIBALSA,1
Koraput,POTTANGI,SUNKI,GOTAMGUDI,4
Koraput,POTTANGI,SUNKI,GUNALBALSA,3
Koraput,POTTANGI,SUNKI,GURUJEEGUDA,52
Koraput,POTTANGI,SUNKI,IPABALASA,12
Koraput,POTTANGI,SUNKI,KATABALASA,2
Koraput,POTTANGI,SUNKI,KONDHOGUDA,9
Koraput,POTTANGI,SUNKI,KONDHOMAUDI,2
Koraput,POTTANGI,SUNKI,MADAKAR,8
Koraput,POTTANGI,SUNKI,MANGARAGUMI,2
Koraput,POTTANGI,SUNKI,METABALASA,5
Koraput,POTTANGI,SUNKI,NIMALPADU,3
Koraput,POTTANGI,SUNKI,OLA GAM,21
Koraput,POTTANGI,SUNKI,PATALAUDI,8
Koraput,POTTANGI,SUNKI,PONOSMANGUDA,11
Koraput,POTTANGI,SUNKI,PUTIVALSA,3
Koraput,POTTANGI,SUNKI,REBALGUDA,3
Koraput,POTTANGI,SUNKI,SANGAMGUDI,5
Koraput,POTTANGI,SUNKI,SANGUNAN BALSA,3
Koraput,POTTANGI,SUNKI,SIDIBALSA,2
Koraput,POTTANGI,SUNKI,TOTALPADU,2
Koraput,POTTANGI,TALAGOLURU,BANDHAGUDI,33
Koraput,POTTANGI,TALAGOLURU,BODOGOLUR,17
Koraput,POTTANGI,TALAGOLURU,DANADAGUDA,24
Koraput,POTTANGI,TALAGOLURU,DORAGUDA,20
Koraput,POTTANGI,TALAGOLURU,DUMURIGUDA,32
Koraput,POTTANGI,TALAGOLURU,KAMBARI,7
Koraput,POTTANGI,TALAGOLURU,KAREGUDA,11
Koraput,POTTANGI,TALAGOLURU,KARIBEDA,30
Koraput,POTTANGI,TALAGOLURU,KHAMIDI,2
Koraput,POTTANGI,TALAGOLURU,KOTABALASA,8
Koraput,POTTANGI,TALAGOLURU,KOTATEDA,8
Koraput,POTTANGI,TALAGOLURU,KOTTAVALASA,12
Koraput,POTTANGI,TALAGOLURU,MULAGUDI,2
Koraput,POTTANGI,TALAGOLURU,MUNUGULUBALSA,30
Koraput,POTTANGI,TALAGOLURU,PANABADI,5
Koraput,POTTANGI,TALOGALURU,BURGULPADU,20
Koraput,POTTANGI,TALOGALURU,MUNGALBALASA,14
Koraput,POTTANGI,TALOGALURU,PATUGUDA,7
Koraput,POTTANGI,TANGINI,BODALAMATAPADU,5
Koraput,POTTANGI,TANGINI,KARATALABA,22
Koraput,POTTANGI,TANGINI,RALEGADA,13
Koraput,POTTANGI,TOLAGOLURU,BADADANGARA,14
Koraput,POTTANGI,TOLAGOLURU,CHIKAPARU,84
Koraput,POTTANGI,TOLAGOLURU,KUTUBA,11
Koraput,POTTANGI,TOLAGOLURU,MARIBELI,27
Koraput,POTTANGI,TOLAGOLURU,TOLAGOLURU,42
Koraput,POTTANGI,U.BARABANDHA,BARABANDHA,54
Koraput,SEMILIGUDA,DELEIGUDA,MUGUNAGUDA,6
Koraput,SEMILIGUDA,DOLAIGUDA,KAKIRIGUDA,31
Koraput,SEMILIGUDA,DUDHARI,BAROKUTUNI,53
Koraput,SEMILIGUDA,DUDHARI,CHIKLAMARI,20
Koraput,SEMILIGUDA,DUDHARI,PHULOBANDHA,45
Koraput,SEMILIGUDA,DUDHARI,PUTSIL,101
Koraput,SEMILIGUDA,DUDHARI,SUNDIPUT,33
Koraput,SEMILIGUDA,DUDHARI,UPPER KANTI,86
Koraput,SEMILIGUDA,GUNTHAGUDA,PODAPADAR,9
Koraput,SEMILIGUDA,GUNTHAPUT,BARIGUDA,7
Koraput,SEMILIGUDA,GUNTHAPUT,HANDIPUT,1
Koraput,SEMILIGUDA,GUNTHAPUT,PHULODABA,3
Koraput,SEMILIGUDA,HATAGUDA,BHITARGUDA,22
Koraput,SEMILIGUDA,HATAGUDA,GADIKHAMRA,4
Koraput,SEMILIGUDA,HATGUDA,BADATEMA,9
Koraput,SEMILIGUDA,HATIBARI,KHIMBAR,8
Koraput,SEMILIGUDA,HATIMUNDA,HATIMUNDA,11
Koraput,SEMILIGUDA,KUDI,PARAJAKUDI,8
Koraput,SEMILIGUDA,KUNDLI,PORAJASIRIMANDA,21
Koraput,SEMILIGUDA,KUNDULI,KANDHAPUNGAR,19
Koraput,SEMILIGUDA,P.MUTHAI,KANDHASUNABEDA,49
Koraput,SEMILIGUDA,P.MUTHAI,PAMBI,33
Koraput,SEMILIGUDA,POKAJHALA,MISSINGAGUDA,9
Koraput,SEMILIGUDA,RAJPUT,CHALANPUT,24
Koraput,SEMILIGUDA,RAJPUT,MUKHUIBADEL,1
Koraput,SEMILIGUDA,RAJPUT,PAKHANAPUT,8
Koraput,SEMILIGUDA,RENGA,M.MARUA,4
Koraput,SEMILIGUDA,RENGA,PADAGUDA,7
Koraput,SEMILIGUDA,SADAM,BENIAGUDA,17
Koraput,SEMILIGUDA,SADAM,BENIYAGUDA,23
Koraput,SEMILIGUDA,SADAM,BHEJAGUDA,29
Koraput,SEMILIGUDA,SADAM,BILAGUDA,36
Koraput,SEMILIGUDA,SADAM,CHATUPADAR,14
Koraput,SEMILIGUDA,SADAM,CHATUPADARGUDA,12
Koraput,SEMILIGUDA,SADAM,JANGARADA,3
Koraput,SEMILIGUDA,SADAM,METAGUDA,17
Koraput,SEMILIGUDA,SADAM,MUTAMBAGUDA,10
Koraput,SEMILIGUDA,SADAM,MUTAMGUDA,9
Koraput,SEMILIGUDA,SADAM,NUAGUDA,31
Koraput,SEMILIGUDA,SADAM,P. RENU,2
Koraput,SEMILIGUDA,SADAM,PANDRIAMABAGUDA,31
Koraput,SEMILIGUDA,SADAM,PANDRIAMBAGUDA,24
Koraput,SEMILIGUDA,SADAM,SADAM,45
Koraput,SEMILIGUDA,SADAM,YUBRAJPETA,19
Koraput,SEMILIGUDA,SADAM SADAM SADAM SADAM SADAM SADAM SADAM SADAM SADAM SADAM SADAM SADAM SADAM SADAM SADAM SADAM SADAM SADAM SADAM SADAM SADAM SADAM SADAM SADAM SADAM SADAM SADAM SADAM SADAM SADAM SADAM SADAM SADAM SADAM SADAM SADAM SADAM SADAM SADAM SADAM SADAM SADAM SADAM SADAM SADAM SADAM SADAM SADAM SADAM SADAM SADAM SADAM SADAM SADAM SADAM SADAM SADAM,BHEJAGUDA,57
Koraput,SEMILIGUDA,SARISAPADAR,DUMURIGUDA,40
Koraput,SEMILIGUDA,SORISAPADAR,BHITARAKOTA,14
Koraput,SEMILIGUDA,SORISAPADAR,KARLAPADAR,9
Koraput,SEMILIGUDA,SORISAPADAR,KASUGUDA,8
Koraput,SEMILIGUDA,SORISAPADAR,KHAJARAKOTA,11
Koraput,SEMILIGUDA,SORISAPADAR,KHEJARAKOTA,33
Koraput,SEMILIGUDA,SORISAPADAR,LENJIGUDA,68
Koraput,SEMILIGUDA,SUBAI,DUSURA,14
Koraput,SEMILIGUDA,SUBAI,K.GUNTHAPUT,16
Koraput,SEMILIGUDA,U KANTI,GOCHAMANJARI,9
Koraput,SEMILIGUDA,U.KANTI,CHINTALMANJARI,28
Koraput,SEMILIGUDA,U.KANTI,GICHHAMANJARI,35
Koraput,SEMILIGUDA,U.KANTI,HIRATUNIPADAR,14
Koraput,SEMILIGUDA,U.KANTI,NARANGIPADAR,117
Koraput,SEMILIGUDA,U.KANTI,NARINGIPADAR,60
Koraput,SEMILIGUDA,U.KANTI,TANKUBEDA,57
Koraput,SEMILIGUDA,U.KANTI,UPPER KANTI,59
Koraput,SEMILIGUDA,UPPER KANTI,BADAMANJARI,67
Koraput,SEMILIGUDA,UPPER KANTI,CHINDRI,60
Koraput,SEMILIGUDA,UPPER KANTI,GICHA MANJARI,6
Koraput,SEMILIGUDA,UPPER KANTI,PHULOPADAR,15
Koraput,SEMILIGUDA,UPPER KANTI,UPPER KANTI,26
Koraput,SEMILIGUDA,UPPPER KANTI,TANKUBEDA,44
