Block,Gram Panchayat,Village,Beneficiary_Count
BANGIRPOSI,Banakati,Kantapal,7
BANGIRPOSI,Banakati,Sagunasole,2
BANGIRPOSI,Banakati,Sarasaposi,3
BANGIRPOSI,Banakati,Satbhaya,21
BANGIRPOSI,Nishchinta,Bholagadia,7
BANGIRPOSI,Nishchinta,Sundhisahi,8
BANGIRPOSI,Sorishapal,Kusmatota,8
BANGRIPOSI,Banakati,Dahisahi,1
BANGRIPOSI,Banakati,Satbhaya,2
BANGRIPOSI,Nishchinta,Gohirapal,1
BANGRIPOSI,Nishchinta,Nishchinta,1
BANGRIPOSI,Sorishapal,Alhapani,11
BANGRIPOSI,Sorishapal,Baunspahadi,4
BANGRIPOSI,Sorishapal,Kukurbhuka,3
BANGRIPOSI,Sorishapal,Palasbani,14
BARIPADA,Rajabasa,Gobardhansole,54
Badasahi,Chelia,Mankadkenda,2
Badasahi,Chelia,Tirpada,5
Badasahi,Deulia,Deulia,5
Badasahi,Deulia,Purunapani,9
Badasahi,Jadunathpur,Hinjalgadia,1
Badasahi,Jarkani,Jamsole,1
Badasahi,Kochilakhunta,Ghusuria,42
Badasahi,Kochilakhunta,Junapada,44
Badasahi,Kuchilakhunta,Kuchilakhunta,9
Badasahi,"Managobinda
pur",Dhanapal,5
Badasahi,Paunsia,Jaganathpur,34
Badasahi,Paunsia,Paunsia,23
Badasahi,Paunsia,Rajgarh,62
Badasahi,Salagan,Salagan,30
Badasahi,Sankerko,Badkerko,12
Badasahi,Sankerko,Kadaliasole,6
Badasahi,Sankerko,Kandaliasole,5
Badasahi,Sankerko,Krupasindhupur,1
Badasahi,Sankerko,Tikayatpur,3
Badasahi,Sankerko,Tungasole,1
Badasahi,Sialghati,Kauchi,41
Badasahi,Sialighati,Banatalapada,68
Badasahi,Sialighati,Banatalapada D,1
Badasahi,Sialighati,Budheirana,11
Badasahi,Sialighati,Budheirana S,1
Badasahi,Sialighaty,Sialighaty,64
Badasahi,Tungasole,Badsorisbila,6
Badsahi,Badsahi,Badsahi,34
Badsahi,Balabhadrapur,Chelia B,5
Badsahi,Balabhadrapur,Chhelia B,1
Badsahi,Bhimda,Ratanpur,28
Badsahi,Bireswappur,"Belpal Samil
Purunapani",5
Badsahi,Bireswapur,"Belpal Samil
Purunapani",137
Badsahi,Bireswarpur,Belpal-Samil-Purunapani,33
Badsahi,Durgapur,Asukanda,24
Badsahi,Durgapur,Gandhali,14
Badsahi,Durgapur,Gobarasole,16
Badsahi,Durgapur,Purunapani,20
Badsahi,Gudialbandha,Gudialbandha,15
Badsahi,Jadunathpur,Chandanchaturi,24
Badsahi,Jadunathpur,Jadunathpur,48
Badsahi,Jarkani,Baguli,2
Badsahi,Jarkani,Gudakanthi,12
Badsahi,Jarkani,Jalghera,18
Badsahi,Jarkani,Jamsuli,32
Badsahi,Jarkani,Jarkani,8
Badsahi,Juginuagan,Pathara,53
Badsahi,Kendudiha,Chakradharpur,18
Badsahi,Kendudiha,Nishchintapura,24
Badsahi,Khadiasole,Dumapada,9
Badsahi,Kochila Khunta,Baguli,50
Badsahi,Madhapur,Dhanapota,12
Badsahi,Mangovindpur,Jodida,1
Badsahi,Nuapal,Astajharan,121
Badsahi,Patisari,Beguniabari,26
Badsahi,Patisari,Jamunadeipur,33
Badsahi,Patisari,Patisari,27
Badsahi,Paunsia,Bhandarikala,7
Badsahi,Pratapur,Haripur,27
Badsahi,Punasia,Gidhinisole,6
Badsahi,"Purna Chandra
Pur",Naranapur,16
Badsahi,"Purna Chandra
Pur",Sansarishabhila,1
Badsahi,Purnachandrapur,"Goudadiha
Samil Komalasole",29
Badsahi,Purnachandrapur,Madhupur,24
Badsahi,Purnachandrapur,Purnachandrapur,35
Badsahi,Purnnachandrapur,"Goudadiha
Samil Komalasole",2
Badsahi,Purnnachandrapur,Purnnachandrapur,1
Badsahi,Sankeroka,Jadipal,16
Badsahi,Shalgan,Gambharia,17
Badsahi,Sialghati,Dinabandhupur,75
Badsahi,Suhagpur,Gouda munduli,2
Badsahi,Suhagpur,Goudamundul,8
Badsahi,Suhagpur,Guabehera,9
Bahalada,JASHIPUR,Bhaleidihi,2
Bahalada,SOSO,Soso,2
Bahalda,Anlajodi,Jamubani,11
Bahalda,Asana,Asana,15
Bahalda,Asana,Bhalugoda,1
Bahalda,Asana,Sagadbhanga,18
Bahalda,Bad-Palsa,Bad-Palsa,16
Bahalda,Bad-Palsa,Burupalsa,2
Bahalda,Bad-Palsa,Potua,2
Bahalda,Badadalima,Dalajodi,4
Bahalda,Badadalima,Mankididihi,2
Bahalda,Badpalasa,Kendua,13
Bahalda,Badpalasa,Patambeda,11
Bahalda,Bahalda,Bahalda,1
Bahalda,Basingi,Basingi,12
Bahalda,Basingi,Tentla,9
Bahalda,Bhitaramada,Dalsara,51
Bahalda,GIDIGHATY,Chadri,10
Bahalda,GIDIGHATY,Chirkuniposi,2
Bahalda,GIDIGHATY,Gayalkata,9
Bahalda,GIDIGHATY,Gidighaty,3
Bahalda,GIDIGHATY,Mahulduma,7
Bahalda,GIDIGHATY,Tarana,10
Bahalda,Gambharia,Bamanbose,2
Bahalda,Gambharia,Bargidihi,4
Bahalda,Gambharia,Bhaludihi,14
Bahalda,Gambharia,Bhurusa,3
Bahalda,Gambharia,Brahmanbose,8
Bahalda,Gambharia,Dumadihi,5
Bahalda,Gambharia,Jaganathpur,27
Bahalda,Gambharia,Kaduani,2
Bahalda,Gambharia,Kantasola,9
Bahalda,Gambharia,Khandabandh,2
Bahalda,Gambharia,Saraspada,1
Bahalda,Gidhighaty,Patramohulpani,1
Bahalda,Gidighaty,Gidighaty,3
Bahalda,Jashipur,Dubulabed,8
Bahalda,Jashipur,Jashipur,4
Bahalda,Jashipur,Nanadabasa,4
Bahalda,Jashipur,Rangamatia,29
Bahalda,Jashipur,Sandalima,2
Bahalda,Jashipur,Sapaghera,13
Bahalda,Jashipur,Suruda,10
Bahalda,Kanki,Bagdega,5
Bahalda,Kanki,Binjua,5
Bahalda,Kanki,Indkholi,7
Bahalda,Kanki,Kanki,26
Bahalda,SOSO,Kulgi,5
Bahalda,SOSO,Soso,4
Bahalda,Soso,Kumbhirda,12
Bahalda,Soso,Pahadpur,1
Bahalda`,Gambharia,Kantasola,2
Bangiriposi,Badagan,Badagan,1
Bangiriposi,Badagaon,Badagaon,79
Bangiriposi,Badagaon,Kantasole,56
Bangiriposi,Badagaon,Kundalabani,59
Bangiriposi,Badagaon,Panasdiha,60
Bangiriposi,Badagaon,Sunaposi,25
Bangiriposi,Badgaon,Juha,7
Bangiriposi,Badgaon,Kripaduma,33
Bangiriposi,Badgaon,Kundalbani,8
Bangiriposi,Badgaon,kantasola,20
Bangiriposi,Banakati,Banakati,17
Bangiriposi,Banakati,Jamdapal,9
Bangiriposi,Banakati,Kantapal,14
Bangiriposi,Banakati,Satbhaya,12
Bangiriposi,Bangiriposi,Hanada,3
Bangiriposi,Bangiriposi,Majhigaon,14
Bangiriposi,Bhuasuni,Chakdar,23
Bangiriposi,Bhuasuni,Kalapathara,1
Bangiriposi,Bhuasuni,Kandalia,68
Bangiriposi,Bhuasuni,Matikhani,33
Bangiriposi,Bhuasuni,Pandubadi,18
Bangiriposi,Bhuasuni,Purunapani,82
Bangiriposi,Bhuasuni,Ramaharipur,7
Bangiriposi,Bhuasuni,Ranya,9
Bangiriposi,Bhuasuni,Tila,42
Bangiriposi,Brahamangan,Baliadhipa,2
Bangiriposi,Brahamangan,Beguniabandh,1
Bangiriposi,Brahamangan,Brahamangan,2
Bangiriposi,Brahamangan,Chandbil,10
Bangiriposi,Brahamangan,Dantiakacha,3
Bangiriposi,Brahamangan,Ghatakuanri,3
Bangiriposi,Brahamangan,Hatibari,6
Bangiriposi,Brahamangan,Rengalbeda,1
Bangiriposi,Brahmanamara,Chorabandha,24
Bangiriposi,Brahmangaon,Bahutia,16
Bangiriposi,Brahmangaon,Baskitala,8
Bangiriposi,Brahmangaon,Bhagirathipur,5
Bangiriposi,Brahmangaon,Chandbila,5
Bangiriposi,Brahmangaon,Domuhani,14
Bangiriposi,Brahmangaon,Kumbhiramundi,3
Bangiriposi,Brahmangaon,Saharabadi,4
Bangiriposi,Brahmangaon,Shalaghati,26
Bangiriposi,Bramhangaon,Salghaty,30
Bangiriposi,Budhikhamari,Chakdar,23
Bangiriposi,Budhikhamari,Gothanida,25
Bangiriposi,Budhikhamari,Masinabila,48
Bangiriposi,Budhikhamari,Udali,26
Bangiriposi,Chandanpur,Aktapal,6
Bangiriposi,Chandanpur,Bahadurpur,10
Bangiriposi,Chandanpur,Bedhakudar,6
Bangiriposi,Chandanpur,Jogibandh,12
Bangiriposi,Dhobanisole,Balikhani,1
Bangiriposi,Dhobanisole,Dhobanisole,79
Bangiriposi,Dhobanisole,Godargadi,47
Bangiriposi,Dhobanisole,Mahupahadi,32
Bangiriposi,Dhobanisole,Ranasole,4
Bangiriposi,Dhobanisole,Taltikiri,13
Bangiriposi,Dighi,Nitei,32
Bangiriposi,K.M Kata,Begunadiha,34
Bangiriposi,Kalabadia,Brahamangan,12
Bangiriposi,Kalabadia,Kalabadia,6
Bangiriposi,Kalabadia,Panasadiha,11
Bangiriposi,"Kumbhara
mundakata",Gahmapur,13
Bangiriposi,"Kumbhara
mundakata",Gahnapur,1
Bangiriposi,"Kumbhara
mundakata","Kumbhara
mundakata",103
Bangiriposi,Kumbhara Mundakata,Kumbhara Mundakata,101
Bangiriposi,Kumbhara Mundakata,KumbharaMundakata,1
Bangiriposi,Kumbharmundhakata,Gamhapur,28
Bangiriposi,Kumbharmundhakata,Mundhabani,2
Bangiriposi,Kusumbandh,Kurkutia,11
Bangiriposi,Kusumbandh,Kusumbandh,11
Bangiriposi,Nafri,Nafri,28
Bangiriposi,Nischinta,Chuapani,5
Bangiriposi,Nischinta,Dasisole,44
Bangiriposi,Nischinta,Nischinta,11
Bangiriposi,Nischinta,Pindara Godia,16
Bangiriposi,Nischinta,Sirasahi,10
Bangiriposi,Sarisapal,Amdapani,13
Bangiriposi,Sarisapal,Badanedam,25
Bangiriposi,Sarisapal,Betajharana,15
Bangiriposi,Sarisapal,Kanchinda,1
Bangiriposi,Sarisapal,Laxmiposi,12
Bangiriposi,Sarisapal,Rangamatia,35
Bangiriposi,Sarisapal,San Nedam,6
Bangiriposi,Sarisapal,Sarisapal,16
Bangiriposi,Shyamsundarpur,Talbhadrasole,21
Bangiriposi,Sorisapal,Jamtalia,9
Bangiriposi,Sorispal,Betajharan,24
Bangiriposi,Sorispal,Bhaduakacha,8
Bangiriposi,Sorispal,Jerkani,9
Bangiriposi,Sorispal,Kukurbhuka,17
Bangiriposi,Sorispal,Phuljhara,30
Bangiriposi,Sorispal,Purunapani,3
Bangiriposi,Sorispal,Rangamatia,6
Bangiriposi,Sorispal,Sorispal,15
Bangirirposi,Sarishapal,Kusumatota,7
Bangriposi,Badagan,Badagan,1
Bangriposi,Badgan,Badagan,24
Bangriposi,Badgan,Badgan,39
Bangriposi,Badgan,Gendapokhari,28
Bangriposi,Badgan,Juha,20
Bangriposi,Badgan,Kantasola,1
Bangriposi,Badgan,Kripaduma,13
Bangriposi,Badgan,Panasdiha,34
Bangriposi,Badgan,Sadheikala,27
Bangriposi,Badgan,Tangiabasa,21
Bangriposi,Banakati,Sarasposi,11
Bangriposi,Bangriposi,Hanada,1
Bangriposi,Bangriposi,Handa,28
Bangriposi,Bangriposi,Silpunji,21
Bangriposi,Bankati,Asua,20
Bangriposi,Bankati,Satbhaya,13
Bangriposi,Bhagabandh,Kusumbandh,1
Bangriposi,Bhuasuni,Bhuasuni,74
Bangriposi,Bhuasuni,Dhobanijoda,10
Bangriposi,Bhuasuni,Gopalpur,19
Bangriposi,Bhuasuni,Kalapathar,17
Bangriposi,Bhuasuni,Purusotam pur,1
Bangriposi,Bhuasuni,Purusotampur,30
Bangriposi,Brahmangan,Brahmangan,2
Bangriposi,Brahmangan,Charabandh,8
Bangriposi,Brahmangan,Ghatkuanri,7
Bangriposi,Budhikhamari,Badamtalia,10
Bangriposi,Budhikhamari,Gothanida,10
Bangriposi,Budhikhamari,Jaldiha,9
Bangriposi,Budhikhamari,Joka,9
Bangriposi,Budhikhamari,Khadikasole,8
Bangriposi,Budhikhamari,Majhigan,9
Bangriposi,Budhikhamari,Udali,10
Bangriposi,Chandanpur,Chandanpur,1
Bangriposi,Chandanpur,Ramch.pur,1
Bangriposi,Dhabanisole,Balikhani,23
Bangriposi,Dhabanisole,Ranasole,13
Bangriposi,Dhobanisole,Balikhani,55
Bangriposi,Dhobanisole,Gandipani,5
Bangriposi,Dhobanisole,Patbedha,10
Bangriposi,Dighi,Dighi,25
Bangriposi,Dighi,Dorkantia,55
Bangriposi,Dighi,Mundhakata,17
Bangriposi,Kalabadia,Balimunduli,9
Bangriposi,Kalabadia,Brahmangan,37
Bangriposi,Kalabadia,Brahmangoan,10
Bangriposi,Kalabadia,Jaganathkhunta,25
Bangriposi,Kalabadia,Jaganathpur,22
Bangriposi,Kalabadia,Kalabadia,22
Bangriposi,Kalabadia,Mahulisole,6
Bangriposi,Kalabadia,Panasdiha,16
Bangriposi,Kalabadia,Sitaldaha,4
Bangriposi,Kalbadia,Kalabadia,1
Bangriposi,Kumbharmundhakata,Gamhapur,16
Bangriposi,Kusumbandh,Asansikhar,27
Bangriposi,Kusumbandh,Gopalpur,2
Bangriposi,Kusumbandh,Hinjili,19
Bangriposi,Kusumbandh,Kusumbandh,30
Bangriposi,Kusumbandh,Tulasibani,1
Bangriposi,Nischinta,Chuapani,8
Bangriposi,Nischinta,Sanpatharkham,16
Bangriposi,Nischinta,Sirasahi,27
Bangriposi,Sarisapal,Baunshapahadi,13
Bangriposi,Sarisapal,Dhobanijoda,9
Bangriposi,Shyamsundarpur,Bhulanpur,4
Bangriposi,Shyamsundarpur,Chadheipahadi,12
Bangriposi,Shyamsundarpur,Chaulaghei,1
Bangriposi,Shyamsundarpur,Chaulagheri,6
Bangriposi,Shyamsundarpur,Jualikata,14
Bangriposi,Shyamsundarpur,Nuagan,7
Bangriposi,Shyamsundarpur,Sialijodi,9
Bangriposi,Shyamsundarpur,Uparbhadrasole,6
Bangriposi,Shymsundarpur,Uparbhadrasole,1
Bangriposi,Sorisapal,Purunapani,13
Bangriposi,Sorishapal,Amdapani,9
Bangriposi,Sorishapal,Khadighati,5
Bangriposi,Sorishapal,Khadighaty,1
Bangriposi,Sorishapal,Khadipahadi,3
Bangriposi,Sorishapal,Kusumtota,12
Bangriposi,Sorishpal,Barubeda,13
Bangriposi,Sorishpal,Chakidi,12
Bangriposi,Sorishpal,Ghatiduba,20
Bangriposi,Sorishpal,Jerkani,1
Bangriposi,Sorishpal,Kukurbhuka,1
Bangripsoi,Kumbharmundhakata,Gamhapur,12
Bangripsoi,Sorishapal,Amdapani,18
Baripada,Badajod,Badajod,6
Baripada,Badjod,Badjod,122
Baripada,Bankisole,Badabila,32
Baripada,Bankisole,"Badabrahman
mara",15
Baripada,Bankisole,Bankisole,64
Baripada,Bankisole,Sanbrahmanmara,23
Baripada,Bankisole,Tentulisole,50
Baripada,Betna,Betna,47
Baripada,Betna,Damdorpur,227
Baripada,Bhagabanpur,Machakandana,10
Baripada,Bhagabatachandra,Urachandabila,8
Baripada,Bhagabatch.pur,Jaganathpur,7
Baripada,Bhagabatchandrapur,Dhansole,27
Baripada,Bhagabatchpur,Bhagabat Ch.pur,49
Baripada,"Budhikha
mari","Ahari ""କ""",11
Baripada,"Budhikha
mari","Naya Purusot
tampur",13
Baripada,Budhikhamari,Ahari,21
Baripada,Budhikhamari,Budhikhamari,35
Baripada,Budhikhamari,Kailashchandrapur,37
Baripada,Budhikhamari,Radhikasole,1
Baripada,Chandanpur,Asan Sila,1
Baripada,Chandanpur,Badapeta,23
Baripada,Chandanpur,Badpeta,9
Baripada,Chandanpur,Balidam,8
Baripada,Chandanpur,Bautisole,10
Baripada,Chandanpur,Bholghati,4
Baripada,Chandanpur,Binodpur,17
Baripada,Chandanpur,Chandanpur,42
Baripada,Chandanpur,Dhenkinanjia,12
Baripada,Chandanpur,Dhenkinedia,14
Baripada,Chandanpur,Karatpata,74
Baripada,Chandanpur,Meghamari,23
Baripada,Chandanpur,Tarana,22
Baripada,Hatikot,Kanchanpal,9
Baripada,Hatikote,Hatikote,116
Baripada,Hatikote,Jamdapal,5
Baripada,Khadisole,Dumapada,12
Baripada,Khadisole,Karanjia,25
Baripada,Khadisole,Khadipal,2
Baripada,Khadisole,Khadisole,18
Baripada,Khadisole,Sankhajod,7
Baripada,Khadisole,Sankhjod,1
Baripada,Khadisole,Shankhjod,20
Baripada,Khodisole,Karanjia,33
Baripada,Kohi,Pratapchndrapur,19
Baripada,Laxmiposi,Chenadhua,21
Baripada,Laxmiposi,Indapahi,3
Baripada,Laxmiposi,Indopahi,22
Baripada,Laxmiposi,kainfulia,10
Baripada,Nua Nagar,Badjode,9
Baripada,Rajabasa,Baura,134
Baripada,Rajabasa,Indapahi,20
Baripada,Rajabasa,Kasipal,17
Baripada,Rajabasa,Kukudajodi,19
Baripada,Rajabasa,Nayaradha nagar,8
Baripada,Rajabasa,Salabani,25
Baripada,Sankhabanga,Hesildihi,10
Baripada,Sankhabanga,Nuadihi,20
Baripada,Sankhabanga,Ranibhole,17
Baripada,Sankhabhanga,Baghuasole,19
Baripada,Sankhabhanga,Jambhiradiha,4
Baripada,Sankhabhanga,Ranibhole,11
Baripada,Sankhabhanga,Sikarghati,3
Baripada,Shankhabhanga,Ranibhole (Dabkisole),14
Baripada,Sorishpal,Astabeda,33
Baripada,Sorishpal,Kamalpur,11
Baripada,Sorispal,Sorispal,25
Baripada,Ufalgadia,Badabanagan,2
Barsahi,Barsahi,Barsahi,41
Barsahi,Jadunathpur,Jadunathpur,13
Barsahi,Khanua,Khanua,41
Barsahi,Kuchilakhunta,Baghamara,11
Barsahi,Kuchilakhunta,Kuchilakhunta,8
Barsahi,Madgovindapur,Jodida,31
Barsahi,Naupal,Astajharan,21
Barsahi,Salgoan,Narangoan,10
Betnoti,Agria,Agria,8
Betnoti,Agria,Angaragodia,12
Betnoti,Agria,Nuagoan,17
Betnoti,Ambagadia,Amabagadia Angargadia,9
Betnoti,Ambagadia,Ambagadia,16
Betnoti,Ambagadia,Bamada,17
Betnoti,Ambagadia,Mantridahi,8
Betnoti,Ambagadia,Purunapani,1
Betnoti,Ambagadia,"Purunapani
Samil Kakharu
Kunta",37
Betnoti,Ambagadia,"Samil Kakharu
Kunta",1
Betnoti,Ambagadia,"Samil Kakharu G
Kunta",1
Betnoti,Ambagodia,Ambagodia,23
Betnoti,Ambagodia,Purunapani,6
Betnoti,Baishnga,Padmapur,12
Betnoti,Baisinga,Ajadiha,8
Betnoti,Baisinga,Bad Damdorpur,23
Betnoti,Baisinga,Bad damdorpur,6
Betnoti,Baisinga,Banadamdorpur,9
Betnoti,Baisinga,Bidukudia,35
Betnoti,Baisinga,Khairabani,25
Betnoti,Baisinga,Khairbani,5
Betnoti,Baisinga,Mohanpur,26
Betnoti,Baisinga,Nachipuria,5
Betnoti,Baisinga,Nuagaon,23
Betnoti,Baisinga,Paikajugpura,5
Betnoti,Baisinga,Raghunathpur,23
Betnoti,Baisinga,Raghunathur,1
Betnoti,Betnoti,Ambajoda,21
Betnoti,Betnoti,Bhurudubani,9
Betnoti,Betnoti,Raghunathpur,7
Betnoti,Chachinapada,Sarda,20
Betnoti,Chanchiapada,Chanchiapada,21
Betnoti,Chanchipada,Sharada,5
Betnoti,Dahikoti,Agada,2
Betnoti,Dahikoti,Bhalia,13
Betnoti,Dahikoti,Dahikoti,8
Betnoti,Jugal,Bagalpur,14
Betnoti,Kalama,Kalama,55
Betnoti,Kalama,Kalma,1
Betnoti,Kalma,Jaypuria,9
Betnoti,Khadisole,Kanchanagar,8
Betnoti,Khadisole,Kanchannagar,1
Betnoti,Khadisole,Sangajod,10
Betnoti,Mahinsasole,Tikayatpur,15
Betnoti,Mahisasole,Bishnupur,5
Betnoti,Merda,Durgapur,6
Betnoti,Merda,Saradiha,13
Betnoti,Mohisasole,Banamalipur,7
Betnoti,Mohisasole,Bishnupur,28
Betnoti,Mohisasole,Sikharkhunta,12
Betnoti,Nadpur,Nadpur,14
Betnoti,Nadpur,Tikargadia,8
Betnoti,Nandasole,Nandasole,5
Betnoti,Nayabasantpur,Purunapani,6
Betnoti,Nayabasantpur,Purunia(Pathara Sahi,21
Betnoti,Nayabasasntpur,Purunia(Pathara Sahi,1
Betnoti,Patalipura,Badkhiripada,6
Betnoti,Patalipura,Singlamundali,6
Betnoti,Patalipura,Singlamunduli,9
Betnoti,Purinda,Sansa,6
Betnoti,Purunia,Angaria,13
Betnoti,Purunia,Bachuripada,1
Betnoti,Purunia,Nuagan,2
Betnoti,Purunia,Purunia,54
Betnoti,Raghupur,Naya Basantapur,1
Betnoti,Raghupur,Nayabasantapur,9
Betnoti,Raghupur,Panasia,10
Betnoti,Raghupur,Raghunathpur,50
Betnoti,Raghupur,Raghupur,5
Betnoti,Raghupur,Thakurtota,4
Betnoti,S.S. Nanahandasole,Tarasole,12
Betnoti,Saitapur,Jamsole,1
Betnoti,Salaboni,Tarasole,7
Betnoti,Salbani,Tarasole,8
Betnoti,Santala,Badsal,1
Betnoti,Santara,Badsal,2
Betnoti,Santara,Hatijhari,5
Betnoti,Santara,Hatijhuri,22
Betnoti,Santara,Hotapur,4
Betnoti,Santara,Murukundia,16
Betnoti,Santara,Nachipuria,1
Betnoti,Santara,Tilapada,6
Betnoti,Santra,Hatijhuri,16
Betnoti,Santra,Hotapur,8
Betnoti,Sathilo,Garudabasa,8
Betnoti,Sathilo,Sathilo,24
Bijatala,Badjharan,Badjharan,23
Bijatala,Badjharan,Baiganakudar,10
Bijatala,Badjharan,Belpahadi,23
Bijatala,Badjharan,Bhalujodi,23
Bijatala,Badjharan,Dhobadiha,16
Bijatala,Badjharan,Gopinathpur,48
Bijatala,Badjharan,Jayantpur,7
Bijatala,Badjharan,Judia,14
Bijatala,Badjharan,Madansila,20
Bijatala,Badjharan,Podachakdi,11
Bijatala,Badjharan,Pokharia,29
Bijatala,Badjharan,SanJharan,10
Bijatala,Bankati,Asansikhar,13
Bijatala,Bankati,Baliadhipa,26
Bijatala,Bankati,Balikatha,6
Bijatala,Bankati,Balikotha,24
Bijatala,Bankati,Bankati,30
Bijatala,Bankati,Barajiani,23
Bijatala,Bankati,Chanapal,4
Bijatala,Bankati,Golmunda,6
Bijatala,Bankati,Khandadeuli,16
Bijatala,Bankati,Taladiha,28
Bijatala,Bankati,Udalikudar,20
Bijatala,Bijatala,Asana,12
Bijatala,Bijatala,Baghiatangar,18
Bijatala,Bijatala,Bankadunguri,16
Bijatala,Bijatala,Bantali,19
Bijatala,Bijatala,Bijatala,18
Bijatala,Bijatala,Dambeda,16
Bijatala,Bijatala,Jodapokhari,14
Bijatala,Bijatala,Khadiasole,24
Bijatala,Bijatala,Mundakati,13
Bijatala,Bijatala,Mundathakura,15
Bijatala,Bijatala,chadripahadi,16
Bijatala,Cadheipahadi,Dumurikudar,21
Bijatala,Chadheipahadi,Dhantangar,8
Bijatala,Chadheipahadi,Dhantangar Hil,2
Bijatala,Chadheipahadi,Gobindapur,5
Bijatala,Chadheipahadi,Jampani,21
Bijatala,Chadheipahadi,Kankada Beda,6
Bijatala,Chadheipahadi,Kankada Beda Hil,4
Bijatala,Chadheipahadi,Kashipani,12
Bijatala,Chadheipahadi,Kasipani,5
Bijatala,Chadheipahadi,Laxmanchatar,45
Bijatala,Chadheipahadi,Laxmanchhatar,3
Bijatala,Chadheipahadi,Pandupani,8
Bijatala,Chadheipahadi,Tiakati,8
Bijatala,Khanta,Balabhadrapur,16
Bijatala,Khanta,Birkham,1
Bijatala,Khanta,Champauda,15
Bijatala,Khanta,Jodamahul,4
Bijatala,Khanta,Khanta,31
Bijatala,Khanta,Kumbhirda,2
Bijatala,Khanta,Nushadihi,14
Bijatala,Khanta,Padmapur,8
Bijatala,Khanta,Pithakutuni,29
Bijatala,Khanta,Tikarpada,26
Bijatala,Luhashila,Betajharan,33
Bijatala,Luhasila,Dalki,29
Bijatala,Luhasila,Jamda,4
Bijatala,Luhasila,Kalajhari,6
Bijatala,Madheikacha,Dalki,11
Bijatala,Madheikacha,Kaduani,27
Bijatala,Madheikacha,Khejuri,68
Bijatala,Madheikacha,Madheikacha,10
Bijatala,Manikpur,Amdabeda,5
Bijatala,Manikpur,Bandhgan,49
Bijatala,Manikpur,Bantaligoda,12
Bijatala,Manikpur,Kundurikacha,3
Bijatala,Manikpur,Manikpur,26
Bijatala,Manikpur,Nuagan,34
Bijatala,Manikpur,Paunsia,29
Bijatala,Raihari,Atnabeda,18
Bijatala,Raihari,Bagdega,23
Bijatala,Raihari,Bataduma,18
Bijatala,Raihari,Bhadubeda,2
Bijatala,Raihari,Dumadihi,4
Bijatala,Raihari,Jaldiha,6
Bijatala,Raihari,Jamudali,16
Bijatala,Raihari,Jodachua,15
Bijatala,Raihari,Palasbani,12
Bijatala,Raihari,Raihari,10
Bijatala,Raihari,Sanbelpahadi,6
Bijatala,Raihari,Teltangia,14
Bijatala,Raihari,Tulsibani,32
Bijatala,Saragoda,Sapghera,25
Bijatala,Saragoda,Tunguru,1
Bijatala,Sargoda,Badabantha,9
Bijatala,Sargoda,Bhejidihi,19
Bijatala,Sargoda,Heselgoda,28
Bijatala,Sargoda,Kadatamak,29
Bijatala,Sargoda,Lado,17
Bijatala,Sargoda,Sanbantha,19
Bijatala,Sargpda,Hatisal,6
Biso,Bautibeda,Osadola,1
Bisoi,Asana,Arjunbila,17
Bisoi,Asana,Babeijoda,3
Bisoi,Asana,Bankidihi,3
Bisoi,Asana,Bhatchatra,4
Bisoi,Asana,Kasipani,3
Bisoi,Asana,Kendumara,14
Bisoi,Asana,Khadiasole,7
Bisoi,Asana,Kuilisuta,3
Bisoi,Asana,Majhigan,4
Bisoi,Asana,Palogoda,36
Bisoi,Asana,Raikadkacha,40
Bisoi,Asana,San Rangamatia,13
Bisoi,Asana,Talak Budi,31
Bisoi,Asana,Talakbudi,3
Bisoi,Asana,Tolakbadi,12
Bisoi,Asana,arjunbila,1
Bisoi,"Asana
Asana",Arjunbila,2
Bisoi,BAUTIBEDA,OSHADALA,23
Bisoi,Bad Manada,Alhapani,12
Bisoi,Bad Manada,Andharjhari,10
Bisoi,Bad Manada,Hatichad,12
Bisoi,Bad Manada,Kesam,13
Bisoi,Bad Manada,Radhanagar,15
Bisoi,Bad Manada,Tambajhari,23
Bisoi,Badamanda,Jambani,1
Bisoi,Badmanada,Alhapani,1
Bisoi,Badmanada,Andharjhari,12
Bisoi,Badmanada,Badmanada,24
Bisoi,Badmanada,Budamara,160
Bisoi,Badmanada,Budhikhamari,30
Bisoi,Badmanada,Chadheipahadi,18
Bisoi,Badmanada,Jamubani,15
Bisoi,Badmanada,Kesam,32
Bisoi,Badmanada,Nuagaon,2
Bisoi,Badmanada,Radha Nagar,87
Bisoi,Badmanada,Raliabindha,34
Bisoi,Badmanada,Rengalbeda,36
Bisoi,Badmanada,San Nalua,4
Bisoi,Badmanada,Sanmanada,15
Bisoi,Badmanada,Tambajhari,48
Bisoi,Badmanada,Tambajhari (Ralia Bindha),3
Bisoi,Badmanda,Jambani,18
Bisoi,Badmanda,Rengalbeda,11
Bisoi,BaneiKala,Gunduria,1
Bisoi,Baneikala,Baneikala,4
Bisoi,Baneikala,Gunduria,24
Bisoi,Baneikala,Jamujhari,21
Bisoi,Baneikala,Kuliposi,15
Bisoi,Baneikala,Patharkata,9
Bisoi,Baneikala,Patijhari,28
Bisoi,Bautibeda,Asanbani,13
Bisoi,Bautibeda,Chatani,3
Bisoi,Bautibeda,Mangalpur,3
Bisoi,Bautibeda,Nuadihi,3
Bisoi,Bautibeda,Osadola,6
Bisoi,Bautibeda,Oshadala,18
Bisoi,Bautibeda,Oshadola,19
Bisoi,Bautibeda,Patijhari,8
Bisoi,Bautibeda,Purna balichua,1
Bisoi,Bautibeda,Puruna balichua,44
Bisoi,Bautibeda,puruna balichua,3
Bisoi,"Bautibeda
Bautibeda",Puruna balichua,2
Bisoi,Bisoi,Asansikhar,24
Bisoi,Bisoi,Bisoi Hil,31
Bisoi,Bisoi,Ektali,26
Bisoi,Bisoi,Ghoda bandha,15
Bisoi,Bisoi,Ghodabindha,15
Bisoi,Bisoi,Jodia,45
Bisoi,Bisoi,NB Pokharia,20
Bisoi,Bisoi,Sagjodi,24
Bisoi,Bisoi,sagjodi,6
Bisoi,Jaganathpur,Bhurdukala,3
Bisoi,Jaganathpur,Sargada,5
Bisoi,Jaganathpur,Sarupani,9
Bisoi,Jaganathpur,Tiakati,5
Bisoi,Jagarnathpur,Badajodi,8
Bisoi,Kaduani,Kaduani,4
Bisoi,Khadambeda,Agalbindha,1
Bisoi,Khadambeda,Argalbindga,2
Bisoi,Khadambeda,Argalbindha,49
Bisoi,Khadambeda,Badhunia,37
Bisoi,Khadambeda,Chuakankar,65
Bisoi,Khadambeda,Dantuni,20
Bisoi,Khadambeda,Deopata,5
Bisoi,Khadambeda,Duarsuni,38
Bisoi,Khadambeda,Dudhkundi,20
Bisoi,Khadambeda,Dundhkundi,9
Bisoi,Khadambeda,Dwarsuni,1
Bisoi,Khadambeda,Hatichad,1
Bisoi,Khadambeda,Khadambeda,43
Bisoi,Khadambeda,Kitabeda,27
Bisoi,Khadambeda,Musamari,10
Bisoi,Khadambeda,Pundida,3
Bisoi,Khadambeda,Rajabasa,33
Bisoi,Khadambeda,Sanbalichua,7
Bisoi,Khadambeda,Tarana,27
Bisoi,Khadambeda,argalbindha,1
Bisoi,Khadambeda,keshargadia,10
Bisoi,Khadambeda,kitabeda,28
Bisoi,Khadambeda,pundida,36
Bisoi,"Khadambeda
Khadambeda",Chuakankar,8
Bisoi,Luhakani,Fhuljhara,1
Bisoi,Luhakani,Fulhjara,5
Bisoi,Luhakani,Fuljhara,14
Bisoi,Luhakani,Gargadi,27
Bisoi,Luhakani,Jamirdiha,15
Bisoi,Luhakani,Jederghutu,9
Bisoi,Luhakani,Karanjei,1
Bisoi,Luhakani,Kuajhari,5
Bisoi,Luhakani,Kundra,14
Bisoi,Luhakani,Laxmiposi,8
Bisoi,Luhakani,Luhamalia,23
Bisoi,Luhakani,Manicha,3
Bisoi,"Luhakani
Luhakani",Gargadi,2
Bisoi,"Luhakani
Luhakani",Laxmiposi,4
Bisoi,Manada,Radhanagar,15
Bisoi,Nuagan,Tambalbandh,7
Bisoi,Nuagaon,Badanalua,5
Bisoi,Nuagaon,Banakati,34
Bisoi,Nuagaon,Bhagiatangara,2
Bisoi,Nuagaon,Dhalabeda,6
Bisoi,Nuagaon,Dhangidimuta,12
Bisoi,Nuagaon,Dumurdiha,12
Bisoi,Nuagaon,Kurkutia,6
Bisoi,Nuagaon,Mayurbeka,6
Bisoi,Nuagaon,Nuagaon,13
Bisoi,Nuagaon,Sanajambhila,13
Bisoi,Nuagaon,Sananalua,4
Bisoi,Nuagaon,Tambalabandha,16
Bisoi,Nuagaon,Teleighutu,39
Bisoi,San Purunapani,Charupani,14
Bisoi,San Purunapani,Rangamatia,3
Bisoi,San Purunapani,San Purunapani,8
Bisoi,San Purunapani,charupani,3
Bisoi,Sanpurnapani,Burudihi,1
Bisoi,Sanpurnapani,Charupani,3
Bisoi,Sanpurnapani,Kalimati,12
Bisoi,Sanpurnapani,Karanjharan,4
Bisoi,Sanpurnapani,Sanpurnapani,1
Bisoi,Sanpurunapani,Alhapani,6
Bisoi,Sanpurunapani,Brahamanposi,16
Bisoi,khadambeda,Argalbindha,1
Block,Gram Panchayat,Vilage,16
"Block
-do-","Gram Panchayat
-do-","Vilage
-do-",85
"Block
Bijatala","Gram Panchayat
Badjharan","Vilage
Gopinathpur",2
"Block
Bijatala","Gram Panchayat
Khanta","Vilage
Champauda",2
"Block
Bijatala","Gram Panchayat
Khanta","Vilage
Nushadihi",2
"Block
Bijatala","Gram Panchayat
Khanta","Vilage
Pithakutuni",2
"Block
Bijatala","Gram Panchayat
Raihari","Vilage
Tulsibani",2
"Block
Bisoi","Gram Panchayat
Bad Manada","Vilage
Hatichad",2
"Block
Bisoi","Gram Panchayat
Khadambeda","Vilage
Khadambeda",2
"Block
Do","Gram Panchayat
Do",Asanbani,6
"Block
Do","Gram Panchayat
Do","Vilage
Asanbani",2
"Block
Do","Gram Panchayat
Do","Vilage
Badnai",2
"Block
Karanjia","Gram Panchayat
Kuliposi","Vilage
Cheliaposi",2
"Block
Kuliana","Gram Panchayat
Gendapokhari","Vilage
Baidikotha",1
"Block
RAIRANGPUR","Gram Panchayat
GUHALDUNGURI","Vilage
KALARABANI",2
Bosoi,Asana,Raikadkacha,4
Bosoi,Baneikala,Gunduria,2
G.B Nagar,Bhandagan,Anantasahi,30
G.B Nagar,Bhandagan,Bhandagan,1
G.B Nagar,Bhandagan,Ghantasila,18
G.B Nagar,Kushalda,Mahuldihi,7
G.B Nagar,Kushalda,Mundhakati,37
G.B Nagar,Kushalda,Taradasole,4
G.B Nagar,Ranibandh,Nuapada,14
G.B Nagar,Ranibandh,Subudasahi,7
G.B Nagar,Ranibandh,Tikarapada,15
G.B. Nagar,Bhandagan,Ghantasila,10
G.B. Nagar,Bhandagan,Jamsola,6
G.B. Nagar,Bhandagan,Sinduria,5
G.B. Nagar,G.B. Nagar,Parichipur,4
G.B. Nagar,Jaypur,Marsigan,6
G.B. Nagar,Kuamara,Chilima,4
G.B. Nagar,Kuamara,Sikidia,3
G.B. Nagar,Kushalada,Mundakati,20
G.B. Nagar,Kushalda,Mundakati,10
G.B. Nagar,Puruna Baripada,Puruna Baripada,3
G.B. Nagar,Sainkula,Kaliapada,9
G.B. Nagar,San Khunta,Bad Dangua,10
G.B. Nagar,Sankhunta,Bad Dangua,4
G.B. Nagar,Silaghaty,Kenduamundi,6
G.B. Nagar,Silaghaty,Sialia,7
G.B.Nagar,Kushalda,Banakati,34
G.B.Nagar,Kushalda,Padmapur,3
G.B.Nagar,Ranibandh,Sialia ‘A’,21
GB Nagar,Baradihi,Daripal,10
GB Nagar,Baradihi,Debagan,13
GB Nagar,Baradihi,Goda,9
GB Nagar,Jaypur,Dambarudihi,34
GB Nagar,Kuamara,Patua,4
GB Nagar,Kuamara,Uperkadada,5
GB Nagar,Kushalda,Banakati,30
GB Nagar,Kushalda,Lahara,8
GB Nagar,Kushalda,Padmapur,32
GB Nagar,Kushalda,Pathurikata,8
GB Nagar,Pasuda,Badabelakuti,6
GB Nagar,Pasuda,Ghagara,12
GB Nagar,Pasuda,Mahulia,12
GB Nagar,Pasuda,Muturda,5
GB Nagar,Pasuda,Sanabelakuti,9
GB Nagar,Ranibandh,Chadada,2
GB Nagar,Ranibandh,Megha,1
GB Nagar,Ranibandh,Sialia(A),65
GB Nagar,Ranibandha,Sialia-A,2
GB Nagar,Sainkula,Khuntadahi,1
GB Nagar,Sanakhunta,Balidiha,21
GB Nagar,Silaghati,Sialia-B,13
GB Nagar,Silaghati,Silaghati,23
GB Nagar,Titia,Palasa,6
GB Nagar,Titia,Tangana,2
GB Nagar,Titia,Titia,7
Jamda,Bad-Dundu,Chapda,14
Jamda,Bad-Dundu,Kalapani,4
Jamda,Bad-Dundu,Moranda,10
Jamda,Bad-Dundu,Tingiria,9
Jamda,Badundu,Dalki,4
Jamda,Badundu,Dumar,1
Jamda,Badundu,Maranda,2
Jamda,Badundu,Moranda,10
Jamda,Badundu,Redam,3
Jamda,Badundu,Sandundu,2
Jamda,Hensda,Basantpur,12
Jamda,Hensda,Chandikhaman,38
Jamda,Hensda,Chitritangar,7
Jamda,Hensda,Khaeirpal,13
Jamda,Hensda,Khediadungri,32
Jamda,Hensda,Kucheipal,20
Jamda,Hensda,Matiali,70
Jamda,Hensda,Sunamara,15
Jamda,Jamda,Baghia,1
Jamda,Jamda,Belposi,16
Jamda,Jamda,Rumapahadi,9
Jamda,Jarkani,Bambod,10
Jamda,Jarkani,Daunda,3
Jamda,Jarkani,Natwar,18
Jamda,Jarkani,Olidihi,4
Jamda,Jarkani,Pitidhiri,6
Jamda,Kankha,Kankha,2
Jamda,Pasana,Badkuleibira,2
Jamda,Pasana,Bandudma,22
Jamda,Pasana,Bhagabeda,8
Jamda,Pasana,Guduta,22
Jamda,Pasana,Pasana,2
Jamda,Pasna,Banduduma,1
Jamda,Pasna,Ghumal,2
Jamda,Pasna,Harilabeda,22
Jamda,Pasna,Heselpata,14
Jamda,Pasna,Pasna,4
Jamda,Pasna,Rangamatia,4
Jamda,Talagaon,Kandsore,2
Jamda,Talagaon,Kankhan,2
Jamda,Talagaon,Laxmiposi,5
Jamda,Talagaon,Mahiskudar,3
Jamda,Talagaon,Talagaon,6
Jamda,Talgan,Kankha,1
Jamda,Talgan,Laxmiposi,11
Jamda,Talgan,Mohiskudar,10
Jamda,Talgan,Radhanagar,2
Jamda,Talgaon,Badamtalia,3
Jamda,Talgaon,Dumadihi,22
Jamda,Talgaon,Kandsor,3
Jamda,Talgaon,Laxmiposi,42
Jamda,Talgaon,Mohiskudar,17
Jamda,Talgaon,Mugudi,3
Jamda,Talgaon,Radhanagar,25
Jamda,Talgaon,kankha,4
Jamda,Tarana,Baghia,4
Jamda,Tarana,Bhadusahi,11
Jamda,Tarana,Dighiabeda,9
Jamda,Tarana,Manbir,5
Jamda,Tarana,Pahadpur,18
Jamda,Tarana,Tarana,7
Jamda,Tendra,Amlabeda,1
Jamda,Tendra,Tendra Hil,13
Jamda,Tendra,Tendra Hill,1
Jamda,Tendra,Tendrahil,14
Jashipur,Astakuanr,Balarampur,10
Jashipur,Astakuanr,Gad similipal,18
Jashipur,Astakuanr,Gadsimilipal,40
Jashipur,Astakumar,Balarampur,15
Jashipur,Astakumar,Gopinathpur,22
Jashipur,Astakumar,Kukurbhuka,30
Jashipur,Astakumar,Nawana,34
Jashipur,Astakumar,Nikhirda,2
Jashipur,Astakumar,Saruda,44
Jashipur,Astakunr,Budhabalanga,35
Jashipur,Barehipani,Ashanbani,15
Jashipur,Barehipani,Bad Ashoki,36
Jashipur,Barehipani,Bandirabasa,40
Jashipur,Barehipani,Barehipani,12
Jashipur,Barehipani,Barsia,24
Jashipur,Barehipani,Chakundakacha,3
Jashipur,Barehipani,Kuljhari,3
Jashipur,Barehipani,Nuniagad,1
Jashipur,Barehipani,Nunian Goda,23
Jashipur,Barehipani,Routala,23
Jashipur,Baunsanali,Baunsanali,22
Jashipur,Baunsanali,Genteisahi,75
Jashipur,Baunsanali,Ramsahi,43
Jashipur,Baunsanali,Tangursahi,47
Jashipur,Baunsanli,Mandam,32
Jashipur,Baunsnali,Badpahad,43
Jashipur,Baunsnali,Bandiraposi,66
Jashipur,Baunsnali,Baunsnali,66
Jashipur,Baunsnali,Genteisahi,48
Jashipur,Baunsnali,Mandam,27
Jashipur,Baunsnali,Pahadpur,12
Jashipur,Baunsnali,Ramsahi,12
Jashipur,Baunsnali,Tangurusahi,21
Jashipur,Begunia,Badbil,1
Jashipur,Begunia,Begunia,22
Jashipur,Begunia,Chainebda,4
Jashipur,Begunia,Jamda,70
Jashipur,Begunia,Kudarbisida,32
Jashipur,Begunia,Nebda,8
Jashipur,Chahidi,Batpandgandi,44
Jashipur,Chakidi,Ambatalia,26
Jashipur,Chakidi,Asura,6
Jashipur,Chakidi,Bada moranda,41
Jashipur,Chakidi,Badaduma,10
Jashipur,Chakidi,Baduma,11
Jashipur,Chakidi,Baliaban,11
Jashipur,Chakidi,Banapundugandi,5
Jashipur,Chakidi,Chakidi,15
Jashipur,Chakidi,Chemudia,8
Jashipur,Chakidi,Dalkibeda,3
Jashipur,Chakidi,Gandarabeda,112
Jashipur,Chakidi,Gondirabeda,4
Jashipur,Chakidi,Maharajpur hil,5
Jashipur,Chakidi,Naubudhani,7
Jashipur,Chakidi,Nuhamalia,39
Jashipur,Chakidi,Siltia,22
Jashipur,Chakidi,Sinduria,19
Jashipur,Chakidi,Uski,16
Jashipur,Dhalabani,Chardipahadi,39
Jashipur,Dhalabani,Dhalabani,54
Jashipur,Dhalabani,Thakurgoda,22
Jashipur,Dholabani,Alakudar,44
Jashipur,Dholabani,Badsol,55
Jashipur,Dholabani,Baranga,4
Jashipur,Dholabani,Kaliani,50
Jashipur,Dholabani,Kalikaprasad,42
Jashipur,Dholabani,Sapachira,3
Jashipur,Dholabani,Suanpal,63
Jashipur,Dholabani,Tamaksila,21
Jashipur,Dholabani,Thakurgoda,21
Jashipur,Dholabani,Utaransa,104
Jashipur,Dholabani,Uttaransa,1
Jashipur,Do`,Sanmaranda,14
Jashipur,Durdura,Badsialinae,12
Jashipur,Durdura,Badsialnai,24
Jashipur,Durdura,Begunia,104
Jashipur,Durdura,Cheligodhuli,3
Jashipur,Durdura,Cheligudhuli,8
Jashipur,Durdura,Durdura,78
Jashipur,Durdura,Handipuhan,33
Jashipur,Durdura,Kadalibadi Hil,15
Jashipur,Durdura,Kadalibadi Hill,1
Jashipur,Durdura,Sansialinai,79
Jashipur,Durdura,Sansialini,1
Jashipur,Ektali,Bakala,173
Jashipur,Ektali,Baragadia,24
Jashipur,Ektali,Bargadia,3
Jashipur,Ektali,Basantpur,54
Jashipur,Ektali,Dhuduku,56
Jashipur,Ektali,Ektali,30
Jashipur,Ektali,Kaleitumba,113
Jashipur,Ektali,Kanchikna,6
Jashipur,Ektali,Kanthikna,36
Jashipur,Ektali,Kumudabadi,51
Jashipur,Ektali,Nangalsila,46
Jashipur,Gudgudia,Khejuri,30
Jashipur,Gudugudia,Gudugudia,77
Jashipur,Gudugudia,Khejuri,14
Jashipur,Gudugudia,Lanjighosora,13
Jashipur,Gurgudia,Badkasira,28
Jashipur,Gurgudia,Bakua,2
Jashipur,Gurgudia,Bharadachua,3
Jashipur,Gurgudia,Chandikhaman,3
Jashipur,Gurgudia,KABATGHAI,5
Jashipur,Gurgudia,KHEJURIA,13
Jashipur,Gurgudia,Kandibil,31
Jashipur,Gurgudia,Kediadunguri,7
Jashipur,Gurgudia,Kuanribil,25
Jashipur,Gurgudia,Saharpat,25
Jashipur,Gurgudia,Sankasira,27
Jashipur,Jamukeswar,Ambadiha,4
Jashipur,Jamukeswar,Champabalda,2
Jashipur,Jamukeswar,Dhulia,5
Jashipur,Jamukeswar,Jamukeswar,1
Jashipur,Jamukeswar,Kumbharpandugundi,1
Jashipur,Jamukeswar,Laxmiposi,1
Jashipur,Jamukeswar,Pasana Sahi,3
Jashipur,Jamukeswar,Rahanda,14
Jashipur,Jamukeswar,Sanmaranda,1
Jashipur,Jamukeswar,balda,1
Jashipur,Jashipur,Jashipur,4
Jashipur,Mahardapalasa,Dakarbeda,2
Jashipur,Mahardapalasa,Machkandana,16
Jashipur,Mahardapalasa,Mahardapalasa,4
Jashipur,Manada,Aktapal,27
Jashipur,Manada,Biunria,53
Jashipur,Manada,Dhatikia,20
Jashipur,Manada,Naona,36
Jashipur,Manada,Nawana,2
Jashipur,Manada,Nowana,41
Jashipur,Manada,Tikarpada,11
Jashipur,Matiagarh,( Podagarh G.S),12
Jashipur,Matiagarh,(Ghaniaposi GS),24
Jashipur,Matiagarh,(Tilabadi G.S),2
Jashipur,Matiagarh,Asanbani,26
Jashipur,Matiagarh,Ghaniaposi,2
Jashipur,Matiagarh,Kaliani,12
Jashipur,Matiagarh,Kankadani,86
Jashipur,Matiagarh,Kapand,126
Jashipur,Matiagarh,Kaptira,30
Jashipur,Matiagarh,Matiagarh,8
Jashipur,Matiagarh,Podagad,3
Jashipur,Matiagarh,Tilabadi,74
Jashipur,Matiagrah,Kankadani,1
Jashipur,Maudi,(San Junposi) polisabha,18
Jashipur,Maudi,Biunria,18
Jashipur,Maudi,Itamundi,28
Jashipur,Maudi,San Junposi,12
Jashipur,Moudi,Itamundi,18
Jashipur,Padagarh,Tulasibani,31
Jashipur,Pantho,Bakartala,2
Jashipur,Pantho,Kenjhera,12
Jashipur,Pantho,Pantho,8
Jashipur,Podagarh,Bhadusol,9
Jashipur,Podagarh,Kashipal,40
Jashipur,Podagarh,Madanmohanpur,25
Jashipur,Podagarh,Palagoda,29
Jashipur,Podagarh,Podagarh,40
Jashipur,Rugudi,Badposi,31
Jashipur,Rugudi,Chaturisahi,16
Jashipur,Rugudi,Jaunriposi,30
Jashipur,Rugudi,Kadadhia,94
Jashipur,Rugudi,KaluaKhaman,64
Jashipur,Rugudi,Khandabandh,82
Jashipur,Rugudi,Khandabandha,1
Jashipur,Rugudi,Palasagadia,26
Jashipur,Rugudi,Rugudi,96
Jashipur,Rugudi,Siramanipur,65
Jashipur,Tangabila,Badbil,9
Jashipur,Tangabila,Badnai,39
Jashipur,Tangabila,Dhemananali,40
Jashipur,Tangabila,Kenjhera,34
Jashipur,Tangabila,Panposi,34
Jashipur,Tangabila,Sanai,18
Jashipur,Tangabila,Sunamuhin,54
Jashipur,Tangabila,Tangabila,28
Jashipur,Tangabilla,Badbil,1
Jashipur,`do,Champabalda,7
Jasipur,Rugudi,KaluaKhaman,1
KARANJIA,Dudhiani,Purunapani,1
KARANJIA,Dudhiani,Ranibhol,2
KARANJIA,Dudhiani,Sanramchandrapur,3
KARANJIA,Miriginandi,Hatibari,21
Kaptiada,Sarat,Kadabahali,12
Kaptipada,Badabisole,Sanbisole,24
Kaptipada,Badajhad,Kaptipada,25
Kaptipada,Badakhaladi,Sundhal,18
Kaptipada,Badbisole,Bhalubasa,61
Kaptipada,Badbisole,Saguniabasa,88
Kaptipada,Badgudgudia,Badbadi,6
Kaptipada,Badgudgudia,Sanagudugudia,20
Kaptipada,Chakradhar Pur,Chakradhar Pur,36
Kaptipada,Chakradharapur,Sadanandapur,75
Kaptipada,Chakradharapur,Sanjunpal,18
Kaptipada,Chakradharpur,Sadananda Pur,43
Kaptipada,Chakradharpur,Sadanandapur,15
Kaptipada,Debala,Badjhad,14
Kaptipada,Debala,Debala,50
Kaptipada,Debala,Hil No-160,60
Kaptipada,Debala,Hil No-161,11
Kaptipada,Debanbahali,Debanbahali,21
Kaptipada,Debla,Badajhad,25
Kaptipada,Dewanbahali,Bisungan,1
Kaptipada,Dewanbahali,Shirapal,59
Kaptipada,Dewanbahali,Siriapal,13
Kaptipada,J.S Jamudiha,Hil Block-171,54
Kaptipada,J.S Jamudiha,Hill Block-171,1
Kaptipada,J.S Jamudiha,Podadiha,11
Kaptipada,J.S. Jamadiha,Nuhamalia,20
Kaptipada,J.S. Jamdiha,Hil Block-24,1
Kaptipada,J.S. Jamudiha,Badjunpal,6
Kaptipada,J.S. Jamudiha,Bhandaripal,59
Kaptipada,J.S. Jamudiha,Hil Block-173,41
Kaptipada,J.S. Jamudiha,Hill Block-173,4
Kaptipada,J.S. Jamudiha,Kantagadi,17
Kaptipada,J.S. Jamudiha,Kantiali,12
Kaptipada,J.S. Jamudiha,Talapadia,68
Kaptipada,Jadida,Badasimulia,50
Kaptipada,Jadida,Mahisasuri,13
Kaptipada,Jadida,Nedam,76
Kaptipada,Jadida,Raikalia,54
Kaptipada,Jambani,Sudusudia,72
Kaptipada,Jhinkpada,Goudagan,35
Kaptipada,Jodida,Nedam,73
Kaptipada,Kalamgadia,Balichua,72
Kaptipada,Kalamgadia,Gokulpur,62
Kaptipada,Kalamgadia,Kalamgadia,109
Kaptipada,Kalamgadia,Kathachua,100
Kaptipada,Kalamgadia,Sukhuapata Hil,123
Kaptipada,Kalamgadia,Sukhuapata Hill,3
Kaptipada,Kaptipada,Beldiha,30
Kaptipada,Kaptipada,Bhagabandh,92
Kaptipada,Kaptipada,Bhangabandh,24
Kaptipada,Kaptipada,Kaladahi,25
Kaptipada,Kaptipada,Kaladihi,17
Kaptipada,Kolialam,Kadamsole,7
Kaptipada,Kolialam,Nachipur,21
Kaptipada,Koliolam,Kodambsole,38
Kaptipada,Labanyadeipur,Gaipanikhia,4
Kaptipada,Labanyadeipur,Gaipanikhia-Hil,21
Kaptipada,Labanyadeipur,Hil Block-24 Sanadei,6
Kaptipada,Labanyadeipur,Katuria,8
Kaptipada,Labanyadeipur,Labanyadeipur,7
Kaptipada,Labanyadeipur,Sanadei,48
Kaptipada,Majhigadia,Baladamara,44
Kaptipada,Majhigadia,Dangarsahi,70
Kaptipada,Majhigadia,Mahulapankha,176
Kaptipada,Majhigadia,Majhigadia,37
Kaptipada,Majhigadia,Raidiha,75
Kaptipada,Majhigadia,Raikalchua,74
Kaptipada,Mankadapada,Khadikhania,23
Kaptipada,Mankadapada,Kunarapur,5
Kaptipada,Mankadapada,Mankadapada Hil,246
Kaptipada,Mankadapada,Mankadapada Hill,13
Kaptipada,Mankadapada,Palasabani,1
Kaptipada,Mankadpada,Khadikhania,29
Kaptipada,Mankadpada,Mankadpada,9
Kaptipada,Mankadpada,Mankadpada (Jadabani),15
Kaptipada,Nato,Baghadafa,46
Kaptipada,Noto,Baghadafa,15
Kaptipada,Noto,Baghadapha,11
Kaptipada,Noto,Kumudabahali,52
Kaptipada,Noto,Noto,35
Kaptipada,Noto,Prasana Chandrapur,59
Kaptipada,Noto,Prashna ch. Pur,20
Kaptipada,Notto,Baghadafa,1
Kaptipada,Nudadiha,Hil Block 172 (Uthansahi),20
Kaptipada,Nudadiha,Nuagan,76
Kaptipada,Nududiha,Kukurdima,5
Kaptipada,Padmapokhari,Dhapada,142
Kaptipada,Pedagadi,Astapura,5
Kaptipada,Pedagadi,Ghipura,3
Kaptipada,Pedagadi,Gothapura,23
Kaptipada,Pedagadi,Jarada,1
Kaptipada,Pedagadi,Karapada,3
Kaptipada,Pedagadi,Mahulabani,8
Kaptipada,Pingu,Ashanabani,54
Kaptipada,Pingu,Chainposi,43
Kaptipada,Pingu,Chuinposi,40
Kaptipada,Pingu,Gadiapal,77
Kaptipada,Pingu,Pingu,21
Kaptipada,Ram Ch. Pur,Dolipada,61
Kaptipada,Ram Ch. Pur,Ram Ch. Pur,35
Kaptipada,Ramachandrapur,Talagadia,150
Kaptipada,Ramchandrapur,R.C. Pur,1
Kaptipada,Ramchandrapur,Ramchandrapur,55
Kaptipada,Ranipokhari,Dilisore,11
Kaptipada,Ranipokhari,Kaptipada,22
Kaptipada,Ranipokhari,Rajatnagar,214
Kaptipada,Ranipokhari,Ranipokhari,57
Kaptipada,Rnipokhari,Diliswar,34
Kaptipada,Salachua,Bidyadharanagar,116
Kaptipada,Salachua,Gendagadia,37
Kaptipada,Salachua,Salachua,265
Kaptipada,Salachua,Salagadia,39
Kaptipada,Salchua,Salchua,21
Kaptipada,Salchua,Solagadia,38
Kaptipada,Saradiha,Bhandar,31
Kaptipada,Saradiha,Saradiha,94
Kaptipada,Saradiha,Sukhuapata,127
Kaptipada,Sarat,Gourachandrapur,182
Kaptipada,Sarat,Kadabahali,66
Kaptipada,Sarat,Kaptipada,79
Kaptipada,Sarat,Sarat,181
Kaptipada,Sardiha,Bhandar,97
Kaptipada (Canceled),Labanyadeipur,Gaipanikhia-Hil,1
Kaptipada (Canceled),Rnipokhari,Diliswar,1
Kaptipada(Canceled),Labanyadeipur,Sanadei,1
Kaptipada(Canceled),Noto,Kumudabahali,2
Karanajia,Kerkera,Sarangagarh,41
Karanajia,Kuliposhi,Sunaposhi,6
Karanajia,Kuliposi,Singda,7
Karanajia,Mirigenendi,Mirigenendi,2
Karanajia,Patbil,Baliposi,2
Karanajia,Patbil,Kendumundi,2
Karanajia,Rasamtala,Kadambeda,3
Karanjia,Badadeuli,Badadeuli,13
Karanjia,Badadeuli,Bhanra,48
Karanjia,Badadeuli,Chauthia,54
Karanjia,Badadeuli,Jadumuria,6
Karanjia,Badadeuli,Jhadumuria,184
Karanjia,Badagan,Ananta Sahi,10
Karanjia,Badagaon,Batagoudgoan,32
Karanjia,Baddeuli,Baddeuli,1
Karanjia,Badeuli,Badeuli,10
Karanjia,Badeuli,Sandeuli,5
Karanjia,Badeuli,Saradha,3
Karanjia,Badeuli,Sarashposi,11
Karanjia,Badgan,Saradha,49
Karanjia,Badgaon,Anantasahi,48
Karanjia,Badgaon,Batatainsira,15
Karanjia,Badgaon,Kardia,36
Karanjia,Badgaon,Khandiadar,75
Karanjia,Badgaon,Nuagaon,35
Karanjia,Badgaon,Raitalia,6
Karanjia,Badgaon,Tulasibani,1
Karanjia,Badgaon,Tulasiposi,48
Karanjia,Bala,Bala,13
Karanjia,Bala,Sanbadposi,31
Karanjia,Bhadubeda,Bhadubeda,8
Karanjia,Chitraposi,Asanbani,58
Karanjia,Chitraposi,Chitraposi,30
Karanjia,Chitraposi,Dhakata,66
Karanjia,Chitraposi,Ghosda,30
Karanjia,Chitraposi,Halpur,32
Karanjia,Chitraposi,Mahadevdeuli,42
Karanjia,Chitraposi,Murgapat,57
Karanjia,Chitraposi,Thianali,20
Karanjia,Dori,Dhalabani,16
Karanjia,Dori,Dori,13
Karanjia,Dori,Jarali,4
Karanjia,Dori,Madrangajodi,28
Karanjia,Dori,Mata,61
Karanjia,Dori,Tinitia,8
Karanjia,Dori,Tulashiposi,17
Karanjia,Dudhiani,Burudihi,42
Karanjia,Dudhiani,Pahadpur,21
Karanjia,Dudhiani,Ramajodi,8
Karanjia,Dudhiani,Ramjodi,24
Karanjia,Dudhiani,Ranibhol,11
Karanjia,Dudhiani,Sanram chandrapur,3
Karanjia,Dudhiani,Sanramachandrapur,39
Karanjia,Dudhiani,Sanramchandrapur,42
Karanjia,Kendujuani,Asanbani,3
Karanjia,Kerkera,Andharjhuri,11
Karanjia,Kerkera,Badasarai,37
Karanjia,Kerkera,Badsorei,23
Karanjia,Kerkera,Chouthia,3
Karanjia,Kerkera,Dumbi Sahi,14
Karanjia,Kerkera,Dumbisahi,19
Karanjia,Kerkera,Jhalkiani,15
Karanjia,Kerkera,Kerkera,6
Karanjia,Kerkera,Neduapal,21
Karanjia,Kerkera,Pahadbhanga,27
Karanjia,Kerkera,Ramchandrapur,46
Karanjia,Kerkera,Sarangad,8
Karanjia,Kerkera,Sarangagarh,53
Karanjia,Kerkera,Satkiari,3
Karanjia,Kerkera,Satkiari (Sarangad),1
Karanjia,Kujiposhi,Sunaposhi,1
Karanjia,Kuliposi,Chaturisahi,17
Karanjia,Kuliposi,Cheliaposi,23
Karanjia,Kuliposi,Gopalpur,6
Karanjia,Kuliposi,Hatisalbeda,22
Karanjia,Kuliposi,Jarasahi,11
Karanjia,Kuliposi,Kadadiha,8
Karanjia,Kuliposi,Kuliposi,1
Karanjia,Kuliposi,Kusapada,2
Karanjia,Kuliposi,Miludihi,18
Karanjia,Kuliposi,Padheidhuda,10
Karanjia,Kuliposi,Paudia,6
Karanjia,Kuliposi,Sudiam,12
Karanjia,Kuliposi,Sunaposi,25
Karanjia,Kuliposi,Tikasil,11
Karanjia,Mata,Purunadeungaon,32
Karanjia,Miludihi,Miludihi,22
Karanjia,Mirginandi,Khadikudar,12
Karanjia,Miriginendi,Gudidiha,31
Karanjia,Miriginendi,Hatibari,22
Karanjia,Miriginendi,Jhmukakudar,10
Karanjia,Miriginendi,Jhumkakudar,58
Karanjia,Miriginendi,Jhumukakudar,11
Karanjia,Miriginendi,Khadikudar,1
Karanjia,Miriginendi,Mirigienedi,9
Karanjia,Miriginendi,Miriginendi,30
Karanjia,Miriginendi,Panaspal,2
Karanjia,Miriginendi,Patulidihi,13
Karanjia,Miriginendi,Sundhikudar,21
Karanjia,Murgapat,Chitraposi,1
Karanjia,Neduapal,Neduapal,16
Karanjia,Nuagaon,Nuagaon,3
Karanjia,Patbil,Baghalata,82
Karanjia,Patbil,Baliposi,19
Karanjia,Patbil,Bisipur,57
Karanjia,Patbil,Jamunalia,42
Karanjia,Patbil,Kendumundi,20
Karanjia,Patbil,Patbil,12
Karanjia,Patbil,Rengalbeda,27
Karanjia,Patbil,Thakurjharan,33
Karanjia,Rasamatala,Ghadaghaguri,19
Karanjia,Rasamtala,Jhadbeda,36
Karanjia,Rasamtala,Pokamunda,6
Karanjia,Rasamtala,Sarabhadi,44
Karanjia,Rasamtala,Saravadi,116
Karanjia,Tato,Barapanposi,21
Karanjia,Tato,Kunjia,26
Karanjia,Tato,Nakuda,5
Khunta,Badafeni,Badasatsole,5
Khunta,Badafeni,Chatrama,10
Khunta,Badafeni,Sanakaranjia,9
Khunta,Badafeni,Sanaraikali,42
Khunta,Badafeni,Tavagadia,7
Khunta,Badafeni,Tovagadi,13
Khunta,Badafeni,Tulasibani,12
Khunta,Badaolia,Khunta,29
Khunta,Badapathara,Bahalda,5
Khunta,Badapathara,Ranipal,22
Khunta,Badapathra,Bahalada,40
Khunta,Badfeni,Badfeni,57
Khunta,Badfeni,Badsatsole,3
Khunta,Badfeni,Sanraikali,2
Khunta,Bahanada,Bahanada,21
Khunta,Bahanada,Bandhagada,19
Khunta,Bahanada,Barahgadia,18
Khunta,Bahanada,Gayalmara,29
Khunta,Bahanada,Jamsul,2
Khunta,Bahanada,Khunta,17
Khunta,Bangara,Bangara,3
Khunta,Bangara,Bhupad,25
Khunta,Bangara,Deuladihi,15
Khunta,Bangara,Kenduhata,7
Khunta,Bangara,Satpautia,9
Khunta,Bangora,Bhupad,3
Khunta,Bangra,Khalabandh,8
Khunta,Basipitha,Gaudgan,34
Khunta,Basipitha,Goudagan,6
Khunta,Basipitha,Jadabani,27
Khunta,Basipitha,Kamali,22
Khunta,Basipitha,Khejuradiha,31
Khunta,Basipitha,Murari,7
Khunta,Basipitha,Purunapani,30
Khunta,Basipitha,Sankadadiha,12
Khunta,Basipitha,Shamapanda,6
Khunta,Bhalagadia,Nuagan,45
Khunta,Bholagadia,Badaolia,58
Khunta,Bholagadia,Bholagadia,49
Khunta,Bholagadia,Dabak,35
Khunta,Dengam,Bania Basa,15
Khunta,Dengam,Baniabasa,67
Khunta,Dengam,Dengam,20
Khunta,Dengam,Jadidar,10
Khunta,Dengam,Jadidhar,4
Khunta,Dengam,Mahuldihi,9
Khunta,Dengam,Mohuldihi,7
Khunta,Dhanghera,Bharadadihi,42
Khunta,Dhanghera,Hatisahi,11
Khunta,Dhanghera,Khudapotali,26
Khunta,Dhanghera,Khudaputuli,76
Khunta,Dhanghrea,Harisole,9
Khunta,Dukura,Angarakundia,4
Khunta,Dukura,Dukura,2
Khunta,Dukura,Kandalia,19
Khunta,Dukura,Nuagan,9
Khunta,Gadigan,"Anandapur
(Bankigadi)",25
Khunta,Gadigan,Debela,8
Khunta,Gadigan,Gadigan,19
Khunta,Gadigan,Kanheibandh,4
Khunta,Gadigan,Malharpada,25
Khunta,Gayalmara,Khunta,29
Khunta,Karakachia,Karakachia,2
Khunta,Karakachia,Sansatsole,10
Khunta,Karkachia,Gabindapur,7
Khunta,Karkachia,Panudaskhunta,5
Khunta,Karkachia,Satadharia,2
Khunta,Lakhanasahi,Kantamara,4
Khunta,Lakhanasahi,Mahalibasa,6
Khunta,Lakhanasahi,Tambagadi,15
Khunta,Laxmanasahi,Baunsakantia,33
Khunta,Nuagan,Dabaka (Nuagan),1
Khunta,Sanaraikali,Khunta,42
Khunta,Sapanchua,Agnikumari,5
Khunta,Sapanchua,Girishchandrapur,14
Khunta,Sapanchua,Jadidiha,4
Khunta,Sapanchua,Sapanchua,6
Khunta,Sapanchua,Sirishchandrapur,8
Khunta,Sapanchua,Subarnamanjari,36
Khunta,Sapanchua,Sunpakhari,44
Khunta,Sapanchua,Tiakati,9
Khunta,Tovagadi,Khunta,13
Kuliana,Baiganabadia,Balipal,6
Kuliana,Baiganabadia,Bholagodia,16
Kuliana,Baiganabadia,Dhahamunda,8
Kuliana,Bhagabanpur,Sauri,60
Kuliana,Bhagabanpur,Shauri,16
Kuliana,Bhagabanpur,Souri,29
Kuliana,Chandua,Balichaturi,3
Kuliana,Chandua,Bandab,6
Kuliana,Chandua,Ghuntabani,2
Kuliana,Chandua,Kakharusole,78
Kuliana,Chandua,Nuhamalia,3
Kuliana,Chandua,Sri Chandanpur,10
Kuliana,Chandua,Sunaria,8
Kuliana,Chandua,Tulasibani,24
Kuliana,Dumurdiha,Dumurdiha,27
Kuliana,Dumurdiha,Jamapada,14
Kuliana,Dumurdiha,Kathasirshi,17
Kuliana,Gangraj,Dahigaon,4
Kuliana,Gangraj,Gangraj,1
Kuliana,Gangraj,Salugadia,4
Kuliana,Gangraj,Tumuda,3
Kuliana,"Genda
pokhari",Mundhabani,4
Kuliana,Genda Pokhari,Tiringdihi,10
Kuliana,Gendapokhari,Baidikotha,21
Kuliana,Gendapokhari,Gendapokhari,63
Kuliana,Gendapokhari,Gidhibasa,22
Kuliana,Gendapokhari,Jaganathpur,19
Kuliana,Gendapokhari,Jagannathpur,2
Kuliana,Gendapokhari,Jhilidam,29
Kuliana,Gendapokhari,Mundhabani,35
Kuliana,Gendapokhari,Pokharia,77
Kuliana,Gendapokhari,Tiringdihi,13
Kuliana,Gendapokhri,Gendapokhri,20
Kuliana,Gendapokhri,Jaganathpur,13
Kuliana,Gendapokhri,Pokharia,22
Kuliana,Jhinei,Jhinei,2
Kuliana,Keutunimari,Badatilau,30
Kuliana,Keutunimari,Dardiasole,15
Kuliana,Keutunimari,Gayalkata,6
Kuliana,Keutunimari,Kalikasole,17
Kuliana,Keutunimari,Keutunimari,8
Kuliana,Keutunimari,Nodhabani,24
Kuliana,Keutunimari,Pandasole,31
Kuliana,Keutunimari,Ramkadali,13
Kuliana,Keutunimari,Rathashole,2
Kuliana,Keutunimari,Rathasole,4
Kuliana,Keutunimari,Rathasole S,1
Kuliana,Keutunimari,Salugodia,5
Kuliana,Keutunimari,Salugodia S,1
Kuliana,Keutunimari,Suanaposi,7
Kuliana,Keutunimari,Tadki,12
Kuliana,Kuabuda,Bhangabandhi,13
Kuliana,Kuabuda,Dhadipada,41
Kuliana,Kuabuda,Gadubhanga,30
Kuliana,Kuabuda,Hatimada,7
Kuliana,Kuabuda,Jamjarki,2
Kuliana,Kuabuda,Jiani,14
Kuliana,Kuabuda,Kalajhinei,51
Kuliana,Kuabuda,Kuabuda,28
Kuliana,Kuabuda,Kuabuda B,1
Kuliana,Kuabuda,Kuabuda S,2
Kuliana,Kuabuda,Ugabandha,13
Kuliana,Kuabuda,jamjarki,1
Kuliana,Kuchei,Angargadia,33
Kuliana,Kuchei,Badjunabani,6
Kuliana,Kuchei,Badjunbani,20
Kuliana,Kuchei,Santisole,8
Kuliana,Kuliana,Balimunduli,9
Kuliana,Kuliana,Kamta,1
Kuliana,Kuliana,Pariakuli,13
Kuliana,Kuliana,Tolakchuin,20
Kuliana,Marangatandi,Janjadapal,54
Kuliana,Marangatandi,Mankadakenda,70
Kuliana,Marangatandi,Marangatandi,96
Kuliana,Marangtandi,Jhinei,135
Kuliana,Marangtandi,Jiani,57
Kuliana,Marangtandi,Jiani D,1
Kuliana,Marangtandi,Jiani L,1
Kuliana,Marangtandi,Jiani M,1
Kuliana,Marangtandi,Marangatandi,45
Kuliana,Marangtandi,Palasbani,8
Kuliana,Nabedhi,Nabedhi,59
Kuliana,Nodhana,Baidipur,7
Kuliana,Nodhana,Dudhiasole,9
Kuliana,Nodhana,Hadhadibangan,1
Kuliana,Nodhana,Jamujarak,13
Kuliana,Nodhana,Kaladam,25
Kuliana,Nodhana,Karakachia,3
Kuliana,Nodhana,Karkachia,6
Kuliana,Nodhana,Kothabila,69
Kuliana,Nodhana,Kothabilla,2
Kuliana,Nodhana,Sansarasaposi,100
Kuliana,Nodhna,Hadhadibangan,8
Kuliana,Parulia,Darunia,55
Kuliana,Patihinja,Adapal,50
Kuliana,Patihinja,Barudihi,27
Kuliana,Patihinja,Bhadu Nuagaon,1
Kuliana,Patihinja,Bhaduabeda,76
Kuliana,Patihinja,Bhadunauagn,1
Kuliana,Patihinja,Bhadunuagan,10
Kuliana,Patihinja,Bhadunuagaon,21
Kuliana,Patihinja,Bhadunuagoan,8
Kuliana,Patihinja,Bijabani,29
Kuliana,Patihinja,Dantamusole,10
Kuliana,Patihinja,Katharama,46
Kuliana,Patihinja,Katharuma,156
Kuliana,Patihinja,Kudiapal,18
Kuliana,Patihinja,Nalhuapal,64
Kuliana,Patihinja,Patharghera,3
Kuliana,Patihinja,Patihinja,117
Kuliana,Patihinja,Pokharia,54
Kuliana,Patihinja,Srichandanpur,67
Kuliana,Purunapani,Ambapunja,31
Kuliana,Purunapani,Banagoan,32
Kuliana,Purunapani,Kanjia,23
Kuliana,Purunapani,Madanasahi,4
Kuliana,Purunapani,Purunapani,5
Kuliana,Purunapani,Sanabadatalia,48
Kuliana,Purunapani,Sanbadtalia,8
Kuliana,Purunapani,Tikayatpur,74
Kuliana,Purunapani,Tilaugadia,51
Kuliana,Saragachhida,Chalunia,1
Kuliana,Saragachhida,Godaragodi,2
Kuliana,Saragachhida,Saragachhida,1
Kuliana,Saragachida,Bhugudakata,7
Kuliana,Saragachida,Chalunia,12
Kuliana,Saragachida,Godaragodi,19
Kuliana,Saragachida,Saragachida,4
Kuliana,Saragachida,Tangasole,10
Kuliana,Saragachida,Tangasole F,1
Kuliana,Saragchida,Badapalasia,1
Kuliana,Saragchida,Bhugudakata,3
Kuliana,Saragchida,Chalunia,26
Kuliana,Saragchida,Hatibari,15
Kuliana,Saragchida,Nagrasole,3
Kuliana,Swargachhida,Bhugudakata,3
Kuliana,Swargachhida,Charmania,1
Kuliana,Swargachhida,Hatibari,1
Kuliana,Swargachida,Balichaturi,2
Kuliana,Swargachida,Bhugudakata,25
Kuliana,Swargachida,Charmania,6
Kuliana,Swargachida,Ghuntabani,2
Kuliana,Swargachida,Hatibari,18
Kuliana,Swargachida,Swargachida,2
Kuliana,keutunimari,Baliatilau,20
Kuliana,keutunimari,Keutunimari,5
Kusumi,Bad-Hatnabeda,Raipada,15
Kusumi,Badhantnabeda,Badhatnabeda,48
Kusumi,Badhantnabeda,Barshaghutu,32
Kusumi,Badhantnabeda,Nuasahi,12
Kusumi,Badhatnabeda,Badhatnabeda,28
Kusumi,Badhatnabeda,Barisaghutu,74
Kusumi,Badhatnabeda,Kathbaria,10
Kusumi,Badhatnabeda,Nuasahi,2
Kusumi,Badhatnabeda,Raipada,10
Kusumi,Badhatnabeda,Thuntipani,39
Kusumi,Badhatnabeda,badhatnabeda,2
Kusumi,Chuapani,Bargimara,20
Kusumi,Chuapani,Bhagabandi,5
Kusumi,Chuapani,Budadar,6
Kusumi,Chuapani,Chuapani,1
Kusumi,Chuapani,Netrajharan,12
Kusumi,Chuapani,Purunapani,20
Kusumi,Chuapani,chulivanga,15
Kusumi,Dhangdimuta,Kasiabeda,9
Kusumi,Dhangidimuta,Kasiabeda,5
Kusumi,Dhangidimuta,Majhigan,2
Kusumi,Dhangudimuta,Majhigan,5
Kusumi,Hatabadra,Gopalpur,11
Kusumi,Hatabadra,Teleighutu,14
Kusumi,Hatbadra,Narendraposi,26
Kusumi,Jadida,Jadida,10
Kusumi,Jarda,Bankand,8
Kusumi,Jarda,Rahalibeda,19
Kusumi,Jaypore,Bhutkabadi,14
Kusumi,Jaypore,Deuli,21
Kusumi,Jaypore,Kuldiha,14
Kusumi,Jaypore,Purunia,4
Kusumi,Jhipabandh,Dhadichua,13
Kusumi,Jhipabandh,Nuasahi,14
Kusumi,Jhipabandh,Pechadar,34
Kusumi,Jhipabandh,Raisahi,15
Kusumi,Jhipabandh,Tirildihi,47
Kusumi,Jhipabandh,dhadichua,2
Kusumi,Jhipabandha,Pandugadi,21
Kusumi,Jhipabandha,Pechadar,25
Kusumi,Jhipabanh,Tirildihi,112
Kusumi,Jorda,Andiadukura,9
Kusumi,Jorda,Angarpada,32
Kusumi,Jorda,Gobindpur,44
Kusumi,Jorda,Jodida,18
Kusumi,Jorda,Rahadibeda,12
Kusumi,Kusumi,Banapokharia,18
Kusumi,Kusumi,Godadharpur,10
Kusumi,Kusumi,Kusumi,55
Kusumi,Mayurdar,Bankati,15
Kusumi,Mayurdar,Murumdihi,4
Kusumi,Talakpokhori,Badham,6
Kusumi,Talakpokhori,Bhadusahi,13
Kusumi,Talakpokhori,Bhandan,6
Kusumi,Talakpokhori,Saraspada,24
Kusumi,Talapati,Chengabaria,14
Kusumi,Talapati,Dhakata,20
Kusumi,Talapati,Dova,50
Kusumi,Talapati,Jatasiring,50
Kusumi,Talapati,Raliabeda,150
Kusumi,Talkapokhri,Pahadpur,33
Kusumi,Tolakpokhari,Badham,7
Kusumi,Uparbeda,Baliadhipa,1
Kusumi,Uparbeda,Chahalapada,8
Kusumi,Uparbeda,Edalbeda,22
Kusumi,Uparbeda,Rangamatia,32
Kusumi,Uparbeda,Tentoposi,16
Kusumi,Uperbeda,Dubulabeda,5
Kusumi,Uperbeda,Uperbeda,12
Kusumi,jhipabandh,Pechadar,1
Kusumi,joypur,ghungupahadi,11
Kusumi,joypur,shyamsundar,27
Kusumi,mayurdara,Keshoregodia,20
Kusumi,mayurdara,Ukam,10
"Kusumi
Kusumi
Kusumi
Kusumi","Kusumi
Kusumi
Kusumi
Kusumi","Kusumi
Kusumi
Kusumi
Kusumi",1
"Kusumi
Kusumi
Kusumi
Kusumi
Kusumi
Kusumi
Kusumi
Kusumi
Kusumi
Kusumi
Kusumi","Kusumi
Kusumi
Kusumi
Kusumi
Kusumi
Kusumi
Kusumi
Kusumi
Kusumi
Kusumi
Kusumi","Kusumi
Kusumi
Kusumi
Kusumi
Kusumi
Kusumi
Kusumi
Kusumi
Kusumi
Kusumi
Kusumi",1
Kusumi (Jashipur,Badahatinabeda,Badahatinabeda,1
Kusumi (Jashipur,Badahatinabeda,Basaghutu,1
Morada,Barkand,Baligadia,4
Morada,Barkand,"Guhaladiha Samil
Poda Khunta",4
Morada,Barkand,Tiansi,20
Morada,Bhaliadiha,"Dakoi
Amalanama",28
Morada,Bhaliadiha,Gandigadha,27
Morada,Bhaliadiha,Jhiliribani,34
Morada,Bhaliadiha,Kendu chatia,36
Morada,Bhaliadiha,Khejuria,37
Morada,Bhaliadiha,Kishantandi,8
Morada,Bhaliadiha,Masinasole,21
Morada,Bhaliadiha,Nachiapada,31
Morada,Bhaliadiha,Salkata,6
Morada,Bhaliadiha,Sunahaja,36
Morada,Bhaliadiha,Tadki,8
Morada,Chadheigain,Chadheigain,41
Morada,Chadheigan,Adheikula,16
Morada,Chadheigan,Chadheigan,20
Morada,Chadheigan,Dalagaon,27
Morada,Chadheigan,Ganagon,19
Morada,Chadheigaon,Madauka,43
Morada,Chikitamatia,Bhalughera,40
Morada,Chikitamatia,Bhatachatara,48
Morada,Chikitamatia,Bhhatchatar,19
Morada,Chikitamatia,Chikitamatia,49
Morada,Chikitamatia,Ufalagodia,50
Morada,Chikta Matia,Madana,38
Morada,Chiktamatia,Andhari,6
Morada,Chiktamatia,Chiktamatia,1
Morada,Chiktamatia,Marudihi,2
Morada,Chitrada,Baladia,17
Morada,Chitrada,Chitrada,1
Morada,Chitrada,Purunapani,1
Morada,Chitrada,Silada,11
Morada,Dantiamuhan,Dantiamuhan,42
Morada,Dantiamunha,Badajamubani,12
Morada,Dhadasahi,Mohanpur,20
Morada,Durgapur,Asanabani,18
Morada,Durgapur,Chilabasa,24
Morada,Durgapur,Chuasule,18
Morada,Durgapur,Dhanasole,22
Morada,Durgapur,Dhanshol,45
Morada,Durgapur,Durgapur,21
Morada,Durgapur,Sangadi,11
Morada,Durgapur,Satasole,14
Morada,Gadia,Baunsakatia,19
Morada,Gadia,Bharabadi,22
Morada,Gadia,Bharbadi,11
Morada,Gadia,Bholaghati (Phutukishol),1
Morada,Gadia,Fatukisole,14
Morada,Gadia,Futukisole,68
Morada,Gadia,Kankadatelia,36
Morada,Gadia,Nuhamalia,23
Morada,Gadia,Phutukishol,85
Morada,Gadigaon,Gadigaon,13
Morada,Gholmuhan,Anuan,29
Morada,Gholmuhan,Olidihi,4
Morada,Gholmuhan,Thengatandi,3
Morada,Godigoan,Godigoan,60
Morada,Haldipal,Astia,4
Morada,Haldipal,Dangarbhila,14
Morada,Haldipal,Haldipal,4
Morada,Haldipal,Samaidihi,40
Morada,Haldipal,Simaidihi,36
Morada,Haldipal,Sirsapal,2
Morada,Juailibhanga,Purnachandrapur,99
Morada,Jualibhanga,Angaria,4
Morada,Jualibhanga,Bhaurangi,4
Morada,Jualibhanga,Kalianala,4
Morada,Jualibhanga,Makunda,36
Morada,Jualibhanga,"Purna
chandrapur",76
Morada,Jualibhanga,"Purnna
chandrapur",2
Morada,Kohi,Badabhila,6
Morada,Kohi,Badafera,106
Morada,Kohi,Badfera,3
Morada,Kohi,Baliadipa,14
Morada,Kohi,Bholaghati,130
Morada,Kohi,Mohanpur,40
Morada,Kohi,Pratapchandrapur,24
Morada,Kohi,Sunpuria,31
Morada,Nuagaon,Ajana,28
Morada,Nuagaon,Ghagara,22
Morada,Nuagoan,Ajan,23
Morada,Nuagoan,Ghagara,6
Morada,Nuhajhalia,Badasole,7
Morada,Nuhajhalia,Badasule,44
Morada,Nuhajhalia,"Brahmana
mara",23
Morada,Nuhajhalia,Dhireidihi,7
Morada,Nuhajhalia,"Dhireidihi samil
Hatidahara",34
Morada,Palasamundali,Harekrushnapur,10
Morada,Palasamundali,Khuruntia,35
Morada,Palasamundali,Palasamundali,3
Morada,"Sanamundha
bani",Pariakuli,14
Morada,"Sanamundha
bani",Sarasole,46
Morada,Sanmundabani,Baghajharana,46
Morada,Sanmundhabani,Khuntapal,14
Morada,Sanmundhabani,Paramananda,2
Morada,Sanmundhabni,Khuntapal,3
Morada,Sanmundhabni,Sarasole,1
Morada,Sureidiha,Jamsole,29
Morada,Sureidihi,Chakundapada,50
Morada,Sureidihi,Jhinkriasole,12
Morada,Sureidihi,Kachimabhila,26
Morada,Sureidihi,Sureidihi,14
Morada,Sureihidihi,Nahasule,30
Morada,Sureihidihi,Ramnagar,5
Morada,Swargachida,Bhugudakata,26
Morada,sureidihi,sureidihi,12
Moroda,Dantiamunha,Badjambani,18
Moroda,Gadia,Phutkisole,14
Moroda,Haldipal,Samaidihi,37
Moroda,Jualibhanga,Bhadrasole,15
Moroda,Palasamundali,Khuruntia,13
Moroda,Sanmundhabani,Baghajharan,3
Moroda,Sanmundhabani,Rukuni,1
Moroda,Sanmundhabani,Sarasole,1
Moroda,Sanmundhabani,Sorasole,22
Moroda,Sureidihi,Chakundapada,28
Moroda,Sureidihi,Gandigadha,21
Moroda,Sureidihi,Jhinkiriasole,13
Moroda,Sureidihi,Kachimbila,35
Name of the Block,Name of the G.P.,"Name of the Revenue
vilage",1
Name of the Block,Name of the G.P.,Name of the Revenue Vilage,1
Name of the Block,Name of the G.P.,Name of the Revenue vilage,1
R.G. Pur,Deosole,Musamari,6
R.G. Pur,Deosole,Ram Ch. Pur,2
R.G. Pur,Khunta,Kamardiha,1
R.G. Pur,Nalagaza,Bahagadia,5
R.G. Pur,Nalagaza,Bhaduasole,3
R.G. Pur,Nalagaza,Jhirani,3
R.G. Pur,Nalagaza,Mahulia,1
R.G. Pur,Nalagaza,Mohulia,6
R.G. Pur,Nalagaza,Sabandihi,6
R.G. Pur,Nalagaza,Sunakania,3
R.G. Pur,Nalagaza,Ukasole,1
R.G.Pur,Jhatiada,Denganalia,2
R.G.Pur,Nakichua,Kanhupur,6
R.G.Pur,Nakichua,nakichua,2
RAIRANGPUR,BADMOUDA,BADMOUDA,9
RAIRANGPUR,BADMOUDA,BALITANGIRI,4
RAIRANGPUR,BADMOUDA,KATUPIT,2
RAIRANGPUR,BADMOUDA,SANMOUDA,3
RAIRANGPUR,BHALUBASA,NAUJODA,1
RAIRANGPUR,BHALUBASA,SUNAPOSI,26
RAIRANGPUR,GUHALDANGIRI,TOTANETRA,12
RAIRANGPUR,GUHALDUNGURI,KALARABANI,47
RAIRANGPUR,GUHALDUNGURI,MUCHIANETRA,41
RAIRANGPUR,HALDA,BADBAIKALA,18
RAIRANGPUR,HALDA,BHANJASARA,6
RAIRANGPUR,HALDA,CHAMPREI,8
RAIRANGPUR,HALDA,CHITEIBADI,2
RAIRANGPUR,HALDA,NADIAPOSI,2
RAIRANGPUR,HATIA,CHAPAL,7
RAIRANGPUR,HATIA,GIDIGHATY,9
RAIRANGPUR,HATIA,HATIA,13
RAIRANGPUR,HATIA,JAMUPANI,11
RAIRANGPUR,HATIA,KALIMATI,7
RAIRANGPUR,HATIA,KAPILI,9
RAIRANGPUR,HATIA,KAPILIKUDAR,6
RAIRANGPUR,HATIA,TELEIJHARI,9
RAIRANGPUR,KULEISILA,BALIKHANI,2
RAIRANGPUR,KULEISILA,BETPANI,4
RAIRANGPUR,KULEISILA,CHATRAMANDAL,41
RAIRANGPUR,KULEISILA,GARUDAPANI,2
RAIRANGPUR,KULEISILA,JARI HIL,10
RAIRANGPUR,KULEISILA,JARI HILL,1
RAIRANGPUR,KULEISILA,KALASIBHANGA,28
RAIRANGPUR,KULEISILA,KUKURMUNDI,7
RAIRANGPUR,KULEISILA,NODHABANI,12
RAIRANGPUR,KULEISILA,TALAK,8
RAIRANGPUR,KULEISILA,VESHRAKACHA,7
RAIRANGPUR,PURUNAPANI,BADSIMILIA,17
RAIRANGPUR,PURUNAPANI,KALARDA,9
RAIRANGPUR,PURUNAPANI,MURGAGHUTU,57
RAIRANGPUR,PURUNAPANI,PANSPOSI,2
RAIRANGPUR,PURUNAPANI,POKHARIA,29
RAIRANGPUR,PURUNAPANI,TAMALBANDH,8
RAIRANGPUR,SANPAKANA,BADADA,7
RAIRANGPUR,SANPAKANA,BADGAN,5
RAIRANGPUR,SANPAKANA,GADIGAN,1
RAIRANGPUR,SANPAKANA,NIRANJAN,16
RAIRANGPUR,SANPAKANA,PALASBANI,5
RAIRANGPUR,SANPAKANA,RENGALBEDA,13
RAIRANGPUR,SANPAKANA,SANPAKANA,1
RAIRANGPUR,SANPAKANA,TULASIBANI,2
RAIRANGPUR,SUDARSHANPUR,DHATKIDIHI,5
RAIRANGPUR,SUDARSHANPUR,DUDHICHUA,6
RAIRANGPUR,SUDARSHANPUR,GHAGARADHIPA,12
RAIRANGPUR,SUDARSHANPUR,SANJARI,8
RAIRANGPUR,SUDARSHANPUR,UDAYPUR,12
"RAIRANGPUR
RAIRANGPUR","BHALUBASA
BHALUBASA","BHALUBASA
NAUJODA",1
"RAIRANGPUR
RAIRANGPUR","KULEISILA
KULEISILA","GARUDAPANI
GARUDAPANI",1
RARUAIN,Ghagarbeda,Ghagarbeda,13
RARUAIN,Ghagarbeda,Maricha,6
RARUAIN,Panapataria,Maricha,1
RARUAIN,Panapataria,Solgada,12
Rairangpur,Bad-Mouda,Bad-Mouda,5
Rairangpur,Bad-Mouda,Kotupit,8
Rairangpur,Bad-Mouda,Sudhal,9
Rairangpur,Guhaldangiri,Baliabadi,7
Rairangpur,Guhaldangiri,Bheludihi,7
Rairangpur,Guhaldangiri,Chidkubadi,2
Rairangpur,Guhaldangiri,Dangapani,50
Rairangpur,Guhaldangiri,Dhirol,3
Rairangpur,Guhaldangiri,Guhaldangiri,2
Rairangpur,Guhaldangiri,Indrakati,2
Rairangpur,Guhaldangiri,Jarkani,2
Rairangpur,Guhaldangiri,Jhulan,39
Rairangpur,Guhaldangiri,Mankadgoda,5
Rairangpur,Guhaldangiri,Mochianetra,7
Rairangpur,Guhaldangiri,Ruansi,2
Rairangpur,Guhaldangiri,Suriagoda,16
Rairangpur,Guhaldangiri,Totanetra,3
Rairangpur,Guhaldangri,Dangapani,11
Rairangpur,Guhaldangri,Guhaldangri,5
Rairangpur,Guhaldangri,Mohadevdihi,13
Rairangpur,Halda,Champrei,9
Rairangpur,Hatia,Badbaikala,7
Rairangpur,Hatia,Chapal,32
Rairangpur,Hatia,Gidhighaty,5
Rairangpur,Hatia,Kapilikudar,1
Rairangpur,Kuleisila,Balikhani,4
Rairangpur,Kuleisila,Betpani,4
Rairangpur,Kuleisila,Bheshrakacha,2
Rairangpur,Kuleisila,Chatramandal,9
Rairangpur,Kuleisila,Chhatramandal,5
Rairangpur,Kuleisila,Jari Hil,7
Rairangpur,Kuleisila,Kalasibhanga,14
Rairangpur,Kuleisila,Kukurmundi,5
Rairangpur,Purunapani,Murgaghutu,2
Rairangpur,San-Pakhana,Bad-Pakhana,5
Rairangpur,San-Pakhana,Badra,5
Rairangpur,San-Pakhana,Kukurjharan,1
Rairangpur,San-Pakhana,Rehedakocha,3
Rairangpur,Sudarsanpur,Bhatgoda,10
Rairangpur,Sudarsanpur,Chidkubadi,15
Rairangpur,Sudarsanpur,Dhakidihi,6
Rairangpur,Sudarsanpur,Ghagaradhipa,12
Rairangpur,Sudarsanpur,Kalrabani,7
Rairangpur,Sudarsanpur,Kusumghati,28
Rairangpur,Sudarsanpur,Udaypur,2
Rairangpur,Sudarshanpur,Bhatgoda,5
Rairangpur,Sudarshanpur,Dahupani,31
Rairangpur,Sudarshanpur,Dhadichua,1
Rairangpur,Sudarshanpur,Kahutuka,2
Rairangpur,Sudarshanpur,Kusumghaty,10
Rairangpur,Sudarshanpur,Sanjari,1
Rairangpur,Sudarshanpur,Sudarshanpur,2
Rairangpur,Sudarshanpur,Udaypur,1
Raruain,Godapalas,Tingiria,6
Raruain,Nuagain,Nuagain,8
Raruan,Angarpada,Angarpada,11
Raruan,Angarpada,Bagdafa,24
Raruan,Angarpada,Chiruhatu,8
Raruan,Angarpada,Ghagi,1
Raruan,Angarpada,Jodipada,20
Raruan,Baidyanath,Jamuti,64
Raruan,Baidyanath,Nayabeda,44
Raruan,Banjkia,Takudipal,1
Raruan,Bhanjakia,Bhanjakia,52
Raruan,Bhanjakia,Itighar,15
Raruan,Bhanjkia,Takudipal,16
Raruan,Budamara,Manikpur,9
Raruan,Budamara,Raikala,26
Raruan,Budamara,Sagada,1
Raruan,Budhamara,Sagada,44
Raruan,Budhamara,Talabiunria,24
Raruan,Ghagarbeda,Maricha,48
Raruan,Ghagarbeda,Porabeda,88
Raruan,Ghagarbeda,Reghasahi,4
Raruan,Godapalasa,Badamenta,2
Raruan,Godapalasa,Badmenta,1
Raruan,Godapalasa,Bhagabandhi,17
Raruan,Godapalasa,Brundeiposi,12
Raruan,Godapalasa,Godapalasa,22
Raruan,Godapalsa,Badamenta,11
Raruan,Godapalsa,Badmenta,1
Raruan,Godapalsa,Bisida,2
Raruan,Godapalsa,Godapalsa,27
Raruan,Godapalsa,Sanpalsa,2
Raruan,Godapalsa,Tingiria,67
Raruan,Mamuripani,Mamuripani,25
Raruan,Narasanda,Rangamatia,16
Raruan,Niunti,Kodali dhia,2
Raruan,Niunti,Kodalidhua,10
Raruan,Niunty,Bankati,6
Raruan,Niunty,Batisahi,34
Raruan,Niunty,Dayaposi,22
Raruan,Niunty,Jhadbeda,6
Raruan,Niunty,Kodalidhua,12
Raruan,Niunty,Niunty,7
Raruan,Niunty,Udayasahi,12
Raruan,Niuty,Kadalidhua,18
Raruan,Nuagan,Nanduburu,16
Raruan,Nuagaon,Kendua,20
Raruan,Nuagaon,Naibhanga,44
Raruan,Nuagaon,Phagu,68
Raruan,Nuagaon,Phulkamp,116
Raruan,Nuagoan,Denua,38
Raruan,Nuagoan,Nuagoan,14
Raruan,Nuagon,Nanduburu,62
Raruan,Nuangan,Banakati,4
Raruan,Nuangan,Tangrusahi,1
Raruan,Nursandha,Buruhato,20
Raruan,Panapataria,Chelianal,3
Raruan,Panapataria,Fagu,18
Raruan,Panapataria,Panapataria,25
Raruan,Panapatria,Ghagarbeda,10
Raruan,Panapatria,Maricha,9
Raruan,Panapatria,Ranibhol,2
Raruan,Panapatria,Righa,32
Raruan,Panapatria,Sanramachandrapur,3
Raruan,Panapatria,Solagada,12
Raruan,Panapaturia,Sarasposi,8
Raruan,Panpataria,Fagu,2
Raruan,Panpataria,Madhiaposi,8
Raruan,Panpatria,Chelianali,44
Raruan,Panpatria,Fagu,5
Raruan,Panpatria,Itighar,26
Raruan,Panpatria,Panpatria,82
Raruan,Panpatria,Solgada,19
Raruan,Raruan,Bhanjbeda,16
Raruan,Raruan,Jhumkapal,28
Raruan,Raruan,Khuntapada,76
Raruan,Raruan,Tilusahi,19
Raruan,Tilakuti,Papada,6
Rasagovindpur,Dabasul,Musamari,1
"Rasgobin
dapur",Kamardiha,Majanadiha,2
"Rasgobin
dapur",Nalagaja,Bahagodia,35
"Rasgobin
dapur",Raghabpur,Raghabpur,2
"Rasgobin
dapur",Raghabpur,Shrinathapur,3
Rasgobind pur,Nakichua,Andharia,19
Rasgobind pur,Nakichua,Betnasia,19
Rasgobind pur,Nakichua,Raisole,8
Rasgobinda,Nalagaja,Nahyashole,1
Rasgobinda,Nalagaja,Sunakania,1
"Rasgobinda
pur",Jhatiada,Denganalia,18
"Rasgobinda
pur",Jhatiada,Ghasamari,2
"Rasgobinda
pur",Jhatiada,Kaptipada,3
"Rasgobinda
pur",Jhatiada,Mirdhapur,14
"Rasgobinda
pur",Jhatiada,Tikpada,8
"Rasgobinda
pur",Jhatiada,Tipura,16
"Rasgobinda
pur",Kamaradiha,Dhansole,1
"Rasgobinda
pur",Kamardiha,Jharia,49
"Rasgobinda
pur",Kamardiha,Panchamania,1
"Rasgobinda
pur",Khuntapal,Udalipal,1
"Rasgobinda
pur",Nalagaja,Bhakasole,10
"Rasgobinda
pur",Nalagaja,Bhakasole P,1
"Rasgobinda
pur",Nalagaja,Kulipal,9
"Rasgobinda
pur",Nalagaja,Nahyashole,4
"Rasgobinda
pur",Nalagaja,Sabanadiha,9
"Rasgobinda
pur",Nalagaja,Sukhilakhali,8
"Rasgobinda
pur",Nalagaja,Sunakania,18
"Rasgobinda
pur",Nalaganja,Mahulia,6
"Rasgobinda
pur",Nalaganja,Nalaganja,17
Rasgobindapur,Badampur,Badampur,42
Rasgobindapur,Badampur,Badhi,6
Rasgobindapur,Badampur,Benashol,14
Rasgobindapur,Badampur,Patharachatia,4
Rasgobindapur,Bhurushani,Karatapata,8
Rasgobindapur,Chatana,Chatana,8
Rasgobindapur,Chatana,Kapoi,5
Rasgobindapur,Chatana,Ranibandha,5
Rasgobindapur,Chatna,Jahari,4
Rasgobindapur,Chatna,Palasabadha,35
Rasgobindapur,Chhatna,Jahari,1
Rasgobindapur,Chhatna,Palasabadha,1
Rasgobindapur,Debsole,"Ramchandra
pur",4
Rasgobindapur,Jhatiada,Harinasole,36
Rasgobindapur,Jhatiada,Kiakhali,14
Rasgobindapur,Khuntapal,Biripal,2
Rasgobindapur,Khuntapal,Chakulia,51
Rasgobindapur,Khuntapal,Karanjapada,13
Rasgobindapur,Khuntapal,Khandikhal,2
Rasgobindapur,Nakichua,Ambdiha,16
Rasgobindapur,Nakichua,Bhaliapada,8
Rasgobindapur,Nakichua,Kanhupur,20
Rasgobindapur,Nakichua,Nakichua,19
Rasgobindapur,Nakichua,"Shyamananda
pur",15
Rasgobindapur,Nalagaja,Jhirani,37
Rasgobindapur,Saramula,Baghasahi,15
Rasgobindapur,Saramula,Dhanasole,6
Rasgobindapur,Sarumala,Astia,20
Rasgobindapur,Sarumala,Parulia,16
Rasgobindpur,Chatana,Jahari,10
Rasgobindpur,Chatana,Palasbandha,71
Rasgobindpur,Chatona,Raepal,16
Rasgobindpur,Chhatana,Palasbandha,2
Rasgobindpur,Deshol,Ramchandrapur,2
Rasgobindpur,GadiHati,Tambakhuri,1
Rasgobindpur,Nalagaja,Itahari,10
Rasgobindpur,Nalagaja,Madhuria,20
Rasgobindpur,Nalagaja,Podapada,8
Rasgobindpur,Nalagaja,Rangiam,12
Rasgobindpur,Raghupur,Phulobadia,6
Rasgobindpur,Ramchandrapur,Ramchandrapur,4
Rasgobindpur,Rasgobindpur,Ramchandrapur,2
Rasgovinbdpur,Devsole,Musamari,1
Rasgovinbdpur,Sarumula,Bhaliapada,1
Rasgovindpur,Amarda,Badhimahan,1
Rasgovindpur,Amarda,Badhimuhan,14
Rasgovindpur,Amarda,Darakholi,3
Rasgovindpur,Amarda,Darkholi,21
Rasgovindpur,Amarda,Praharajpur,37
Rasgovindpur,Amrada,Basuli,1
Rasgovindpur,Andhari,Andhari,13
Rasgovindpur,Bhaduasole,Bhaduasole,34
Rasgovindpur,Debsole,Andhari,12
Rasgovindpur,Debsole,Musamari,1
Rasgovindpur,Devsole,Andhari,2
Rasgovindpur,Devsole,Musamari,1
Rasgovindpur,Jhatiada,Ghasmari,1
Rasgovindpur,Jhatiada,Harinasole,20
Rasgovindpur,Jhatiada,Jhatiada,12
Rasgovindpur,Kamardiha,Jharia,47
Rasgovindpur,Nakichua,Ambadiha,2
Rasgovindpur,Nakichua,Bhaliapada,1
Rasgovindpur,Nakichua,Kanhupur,15
Rasgovindpur,Nakichua,Kanpur,36
Rasgovindpur,Nakichua,Shyamanandapur,1
Rasgovindpur,Nalagaja,Bahagadia,12
Rasgovindpur,Nalagaja,Bhakasole,12
Rasgovindpur,Nalagaja,Krushanachandrapur,11
Rasgovindpur,Nalagaja,Mahulia,5
Rasgovindpur,Nalagaja,Nuhyasole,3
Rasgovindpur,Nalagaja,Raghunathpur,1
Rasgovindpur,Nalagaja,Shobandihi,3
Rasgovindpur,Nalagaja,Sunakania,3
Rasgovindpur,Nalagaja,ukasole,1
Rasgovindpur,Rasgovindpur,Nalagaja,1
Rasgovindpur,Sarumula,Parulia,2
SARASAKANA,Bagbuda,Kalapani,39
SARASAKANA,Banakati,Kantapal,1
SARASAKANA,Joka,Uparbeda,6
SARASAKANA,Murunia,Mundhabani,21
SHYAMAKHUNTA,Balidiha,Bhalubasa,2
SHYAMAKHUNTA,Kalapathar,Bhalubasa,8
SHYAMAKHUNTA,Khandia,Ikadapal,8
SHYAMAKHUNTA,Kochilaghati,Gobindchandrapur,10
SHYAMAKHUNTA,Kochilaghati,Godipokhari,70
SHYAMAKHUNTA,Kochilaghati,Jogendranathpur,3
SHYAMAKHUNTA,Kochilaghati,Kochilaghati,2
SHYAMAKHUNTA,Kochilaghati,Pithabata,23
SULIAPADA,Kanimahuli,Kunchisole,8
SULIAPADA,Kanimahuli,Pandupal,14
SULIAPADA,Kantisahi,Dhansole,36
SULIAPADA,Kujidihi,Dhenkinengia,14
SULIAPADA,Kujidihi,Dudhiasole,15
SULIAPADA,Kujidihi,Katarikota,3
SULIAPADA,Paktia,Nedasole,2
SULIAPADA,Paktia,Singimara,1
Samakhunta,Balidiha,Balidiha,7
Samakhunta,Balidiha,Jungle Block,24
Samakhunta,Baunsabila,Baunsabila,37
Samakhunta,Bhaluki,Asanbani,17
Samakhunta,Bhaluki,Jamsole,14
Samakhunta,Bhaluki,Jungle Block,70
Samakhunta,Bhaluki,Palpala,1
Samakhunta,Itamundia,Itamundia,1
Samakhunta,Kalapathar,Akarasila,16
Samakhunta,Kalapathar,Alubani,38
Samakhunta,Kalapathar,Bhalua,1
Samakhunta,Kalapathar,Bhalubasa,24
Samakhunta,Kalapathar,Chadakata,42
Samakhunta,Kalapathar,Haladibari,15
Samakhunta,Kalapathar,Hingalgadia,1
Samakhunta,Kalapathar,Hinjalgadia,20
Samakhunta,Kalapathar,Jhiliribani,17
Samakhunta,Kalapathar,Kalapathar,40
Samakhunta,Kalapathar,Kitadihi,11
Samakhunta,Kalapathar,Mudrajodi,59
Samakhunta,Kendua,Anayatpur,33
Samakhunta,Kendua,Besarpani,19
Samakhunta,Kendua,Duldharadhanagar,48
Samakhunta,Khandia,Janudahi,22
Samakhunta,Kochiladiha,Jhinei,7
Samakhunta,Kochilaghati,Kakarapani,10
Samakhunta,Kochilaghati,Khasadiha,7
Samakhunta,KuchilaGhati,Gogendradas joda,22
Samakhunta,KuchilaGhati,Gogendradas jota,1
Samakhunta,Mahulia,Goudadiha,1
Samakhunta,Mahulia,Jatipur,3
Samakhunta,Mahulia,Mahulia,7
Samakhunta,Rangamatia,Badsole,4
Samakhunta,Rangamatia,Sansole,7
Samakhunta,Rnagamatia,Jaganathpur,33
Samakhunta,Rnagamatia,Jagannathpur,1
Sarasakana,Sankhabhanga,Jaraki,7
Saraskana,Bagbuda,Balidiha,64
Saraskana,Bagbuda,Dumurdiha,1
Saraskana,Bagbuda,Nota,14
Saraskana,Bhursani,Bhursani,5
Saraskana,Bhurushani,Nuagoan,46
Saraskana,Bhurushani,Nuhamalia,26
Saraskana,Dhangudisole,Ramchandrapur,76
Saraskana,Dighi,Jodatikiri,4
Saraskana,Jalada,Dumuria,12
Saraskana,Jalda,Padmapur,6
Saraskana,Jalda,Punasia,6
Saraskana,Jhadapokharia,Arjundiha,42
Saraskana,Jhadpokharia,Jaunti,2
Saraskana,Jharapokharia,Andhari,20
Saraskana,Jharapokharia,Dhanageri,70
Saraskana,Jharapokharia,Salabani,2
Saraskana,Jharpokharia,Ghiajodi,8
Saraskana,Jharpokharia,Jharpokharia,7
Saraskana,Jharpokharia,Salbani,10
Saraskana,Joka,Ambadiha,49
Saraskana,Joka,Digarisole,32
Saraskana,Joka,Joka,19
Saraskana,Joka,Kapadiha,23
Saraskana,Joka,Sankhabhanga,2
Saraskana,Pakharia,Saragachida,3
Saraskana,Paktia,Barubeda,46
Saraskana,Paktia,Bhadua,92
Saraskana,Paktia,Dighi,94
Saraskana,Pokhardiha,Dumurdiha,2
Saraskana,Pokharia,Balidiha,1
Saraskana,Pokharia,Darakoli,10
Saraskana,Pokharia,Dumurdiha,1
Saraskana,Pokharia,Jamukunda,1
Saraskana,Pokharia,Jerkani,15
Saraskana,Pokharia,Karunasole,164
Saraskana,Pokharia,Khairabani,2
Saraskana,Pokharia,Khairbani,12
Saraskana,Pokharia,Palasbani,9
Saraskana,Pokharia,Palashbani,3
Saraskana,Pokharia,Satpautia,41
Saraskana,Pokharia,Silphodi,7
Saraskana,Pokharia,jamkunda,3
Saraskana,Pokharidiha,Dumurdiha,137
Saraskana,Rajaloka,Belbaria,12
Saraskana,Rajaloka,Krushna Chandrapur,68
Saraskana,Rajaloka,Rajaloka,6
Saraskana,Rajaloka,Saragada,14
Saraskana,Sankhabhanga,"Bhadua Samil
bachuribandha",11
Saraskana,Sankhabhanga,Ghuma,22
Saraskana,Sankhabhanga,Jarki,8
Saraskana,Sankhabhanga,Jodajam,85
Saraskana,Sankhabhanga,Kukudanda,14
Saraskana,Sankhabhanga,Kukudaonda,26
Saraskana,Sankhabhanga,Sankhabhanga,131
Saraskana,Sankhabhanga,sankhabhanga,1
Saraskana,Saraskana,Baghajhampa,42
Saraskana,Saraskana,Gopinathpur,30
Saraskana,Saraskana,Malkunda,58
Saraskana,Saraskana,Nuhamalia,44
Saraskana,Shirsha,Badakachimabila,4
Saraskana,Shirsha,Birashingha,8
Saraskana,Shirsha,Nuagoan,30
Saraskana,Umadeipur,Bhandarikuda,2
Saraskana,Umadeipur,Jharia,14
Saraskana,Umadeipur,Kendumundi,37
Saraskana,Umadeipursasan,Kendua,21
Saraskona,Bagbuda,Dakhinasul,38
Saraskona,Bagbuda,Gobindapur,8
Saraskona,Bagbuda,Kalapani,102
Saraskona,Bagbuda,Kundiapani,68
Saraskona,Jalda,Panapasi,14
Saraskona,Jharapokhria,Palasia,34
Saraskona,Joka,Kopadiha,35
Saraskona,Joka,Uparbeda,63
Saraskona,Joka,Upparbeda,2
Saraskona,Murunia,Machakandana,27
Saraskona,Murunia,Mundabani,35
Saraskona,Murunia,Murunia,32
Saraskona,Pokharia,Bankisole,186
Saraskona,Pokharia,Jarkani,32
Saraskona,Pokharia,Kasiabeda,82
Saraskona,Pokharia,Palasabani,40
Saraskona,Pokharia,Pokharia,225
Saraskona,Pokharia,Saragchhida,2
Saraskona,Pokharia,Saragchida,57
Saraskona,Pokharia,Silfodi,41
Saraskona,Sankhabhanga,Bachhuribondha,1
Saraskona,Sankhabhanga,Bachuribondha,43
Saraskona,Shirsha,Nuagoan,2
Saraskona,Umadeipur,Ghantiabuda,14
Shamakhunta,Balidiha,Jangal Block,4
Shamakhunta,Balidiha,Purunapani,5
Shamakhunta,Baunsabila,Baunsabila,39
Shamakhunta,Baunsabila,Baunsabilla,1
Shamakhunta,Bhaluki,Fuljhara (s) Fatudihi,6
Shamakhunta,Bhaluki,Jualirama,8
Shamakhunta,Bhaluki,Matiali,8
Shamakhunta,Kachilaghati,Gobinda chandrapur,32
Shamakhunta,Kachilaghati,Godipokhari,35
Shamakhunta,Kalapathar,Alubani,20
Shamakhunta,Kalapathar,Mudrajodi,20
Shamakhunta,Kalapathara,Alubani,48
Shamakhunta,Kalapathara,Bhalubasa,62
Shamakhunta,Kalapathara,Chadakata,58
Shamakhunta,Kalapathara,Chanabadia,16
Shamakhunta,Kalapathara,Chhadakata,3
Shamakhunta,Kalapathara,Fbani Ho,1
Shamakhunta,Kalapathara,Hinjalagodia,119
Shamakhunta,Kalapathara,Jhiliribani,88
Shamakhunta,Kendua,Kendujhari,57
Shamakhunta,Kendua,"Saratchandra
pur",47
Shamakhunta,Khandia,Goudaduma,6
Shamakhunta,Khandia,Goudruhma,27
Shamakhunta,Khandia,Inkidapal,4
Shamakhunta,Khandia,Sankochiamara,20
Shamakhunta,Khandia,Shankhadar,10
Shamakhunta,Kochilaghati,Jangal Block,61
Shamakhunta,Kochilaghati,Kochilaghati,42
Shamakhunta,Kochilaghati,"Krushna
chandrapur",2
Shamakhunta,Kochilaghaty,Tarajodi,11
Shamakhunta,Kuchilaghati,Pithabata,19
Shamakhunta,Mahulia,Itamundia,32
Shamakhunta,Mahulia,Jatipur,6
Shamakhunta,Mohulia,Mohulia,48
Shamakhunta,Sindurgoura,Ambadubi,10
Shamkhunta,Bhaluki,Ashanbani,27
Shamkhunta,Khandia,Khandia,16
SuKruli,Badagaon,Tulasibani,2
SuKruli,Teronti,Gambharipal,9
SuKruli,Teronti,Kujiaam,12
SuKruli,Teronti,Tingiria,3
Sukruli,Arjunbila,Adipur,38
Sukruli,Arjunbila,Arjunbila,13
Sukruli,Arjunbila,Baradapal,10
Sukruli,Arjunbila,Ekaghari,2
Sukruli,Arjunbila,Kashipal,10
Sukruli,Arjunbila,Kumbhirda,1
Sukruli,Arjunbila,Sialgothani,6
Sukruli,Arjunbila,Uperdiha,1
Sukruli,Arjunbilla,Upperdiha,1
Sukruli,Bhramaraposi,Teranti,12
Sukruli,Chaturanjali,Badpani,10
Sukruli,Chaturanjali,Champarei,2
Sukruli,Chaturanjali,Champerai,26
Sukruli,Chaturanjali,Champrei,1
Sukruli,Chaturanjali,Chaturanjali,15
Sukruli,Chaturanjali,Gayalchatua,11
Sukruli,Chaturanjali,Jethma,63
Sukruli,Chaturanjali,Majurasahi,6
Sukruli,Chaturanjali,Sarubil,86
Sukruli,Chaturanjali,Sarubil( Hatibandha),12
Sukruli,Chaturanjli,Champarai,2
Sukruli,Galusahi,Budamara,22
Sukruli,Galusahi,Budhamara,2
Sukruli,Galusahi,Chandiahil,11
Sukruli,Galusahi,Chandiahill,1
Sukruli,Galusahi,Galusahi,114
Sukruli,Galusahi,Khamrasahi,1
Sukruli,Galusahi,Tutisahi,3
Sukruli,Haladia,Badbil,33
Sukruli,Haladia,Baria,14
Sukruli,Haladia,Haladia,27
Sukruli,Haladia,Kasia,35
Sukruli,Haladia,Nuangon,1
Sukruli,Jamunti,Ghagarda,14
Sukruli,Jamunti,Gharmabeda,2
Sukruli,Jamunti,Kusanpur,2
Sukruli,Jamunti,Raidiha,14
Sukruli,Jamuti,Ghagarda,14
Sukruli,Jamuti,Gharamabeda,66
Sukruli,Jamuti,Jamuti,64
Sukruli,Jamuti,Kasiabeda,26
Sukruli,Jamuti,Kusunpur,35
Sukruli,Jamuti,Mahuliashol,1
Sukruli,Jamuti,Panideuli,29
Sukruli,Jamuti,Uperdiha,33
Sukruli,Jhadghasda,Bangiriposi,8
Sukruli,Jhadghasda,Jhadghasda,22
Sukruli,Jhadghasda,Saradha,50
Sukruli,Jhadghasda,Tangia,18
Sukruli,Jhadghosada,Rautalipat,8
Sukruli,Jhadghosada,Tutisahi,18
Sukruli,Jhadghosda,Bangriposi,2
Sukruli,Jhadghosda,Saradha,34
Sukruli,Jhadgosada,Kudarsahi,22
Sukruli,Khiching,Ghodeikudar,9
Sukruli,Khiching,Jamdapal,19
Sukruli,Khiching,Khiching,29
Sukruli,Khiching,Parbatipur,27
Sukruli,Nuabeda,Manoharpur,1
Sukruli,Singida,Singida,4
Sukruli,Sukruli,Mahuliasuli,14
Sukruli,Sukruli,Pandarsil,10
Sukruli,Sukruli,Pandrasil,10
Sukruli,Teranli,Bhaliadiha,1
Sukruli,Teranti,Askipal,6
Sukruli,Teranti,Bhaliadiha,1
Sukruli,Teranti,Godhimara,18
Sukruli,Teranti,Govindasahi,8
Sukruli,Teranti,Kujiam,17
Sukruli,Teranti,Manoharapur,20
Sukruli,Teranti,Manoharpur,8
Sukruli,Teranti,Patua,8
Sukruli,Teranti,Tingiria,10
Sukruli,Teranty,Askipal,2
Sukruli,Teranty,Badteranty,2
Sukruli,Teranty,Teranty,2
Sukuruli,Haladia,Deuli,30
Sukuruli,Haladia,Pokharia,40
Suliapada,Analkuda,Purunapani,4
Suliapada,Anlakuda,Jhaliamara,18
Suliapada,Anlakuda,Purunapani,19
Suliapada,Badabhalia,Hatimada,49
Suliapada,Badbhalia,Sanbhalia,5
Suliapada,Baghada,Chauladahani,15
Suliapada,Baghada,Dhabanisole,6
Suliapada,Baghada,Gangasole,43
Suliapada,Baghada,Kaptisole,23
Suliapada,Baghada,Salabani,19
Suliapada,Chuhat,Badnachana,7
Suliapada,Chuhat,Bhola,2
Suliapada,Chuhat,Chuhat,22
Suliapada,Chuhat,Dhakhaman,19
Suliapada,Chuhat,Handibhanga,40
Suliapada,Chuhat,Jalaghati,154
Suliapada,Chuhat,Jamsole,8
Suliapada,Deuli,Badsole,1
Suliapada,Deuli,Bijaykrushnach.pur,6
Suliapada,Deuli,Kadapatia,11
Suliapada,Fania,Banagaon,12
Suliapada,Fania,Fania,32
Suliapada,Fania,Gendakhale,9
Suliapada,Fania,Gouduniadova,26
Suliapada,Fania,Jambhilapal,3
Suliapada,Fania,Majhianitofa,8
Suliapada,Fania,Manda,6
Suliapada,Fania,Tentaposi,14
Suliapada,Kanimahuli,Juluk,4
Suliapada,Kanimohuli,Badaputuka,23
Suliapada,Kanimohuli,Sanaputuka,19
Suliapada,Kantisahi,Bhaliasol,1
Suliapada,Kantisahi,Bhaliasole,16
Suliapada,Kantisahi,Dhansole,26
Suliapada,Kantisahi,Lodhakundia,11
Suliapada,Kantisahi,Murgapahadi,30
Suliapada,Kantisahi,Patharnesa,142
Suliapada,Kantisahi,Pokharia,15
Suliapada,Kantisahi,Tadki,9
Suliapada,Kohi,Pratapch.pur,1
Suliapada,Kujidihi,Bada,18
Suliapada,Kujidihi,Badda,1
Suliapada,Kujidihi,Badsukhilakhal,11
Suliapada,Mahabila,Mahabila,1
Suliapada,Mahabila,Masinakati,6
Suliapada,Mahabila,Pala,33
Suliapada,Mahabila,Tilaujodia,4
Suliapada,Mohabila,Mohabila,3
Suliapada,Mohabila,Pal,18
Suliapada,Mohabila,Pandusole,18
Suliapada,Mohabila,Tilajodia,4
Suliapada,Mohabilla,Pal,1
Suliapada,Mohabilla,Tilajodia,1
Suliapada,Nuagan,Mashinakati,9
Suliapada,Nuagan,Padugirisole,47
Suliapada,Nuagaon,Tolakchuan,24
Suliapada,Salabani,Salabani,1
Suliapada,Suliapada,Dhakhaman,12
Suliapada,Suliapada,Patarnesa,12
Suliapada,Ufalgadia,BadBanagan,20
Suliapada,Ufalgadia,Chandabila,11
Suliapada,Ufalgadia,Dhobanisole,7
Suliapada,Ufalgadia,Kadakotha,14
Suliapada,Ufalgadia,Kalajhari,8
Suliapada,Ufalgadia,Kankini,15
Suliapada,Ufalgadia,Sansole,43
Suliapada,Ufalgadia,Telia,32
Suliapada,Ufalgadia,Tilakpal,10
Suliapada,Ufalgadia,Ufalgadia,6
Suliapada,Ufalgodia,Dhobanisole,7
Suliapada,Ufalgodia,Kalajhari,2
Suliapada,Ufalgodia,Sankhuntapal,2
Suliapada,Ufalgodia,Shanshasole,13
Suliapada,Ufalgodia,Telia,14
Suliapada,Ufalgodia,Tilakpal,10
Suliapada,Uphalgadia,Bhandarisole,21
Suliapada,Uphalgadia,Murgapahadi,3
Suliapada,Uphalgadia,Palashdiha Samil Gandiadiha,3
Suliapada,Uphalgadia,Telia,1
Suliapada,Uphalgadia,Uphalgadia,1
Suliapada,ufalgadia,Chandabila,1
Suliapada,ufalgadia,Dhabanisole,7
Thakurmunda,Bhaliadal,Asurkhal,83
Thakurmunda,Bhaliadal,Baula,50
Thakurmunda,Bhaliadal,Jambani,2
Thakurmunda,Bhaliadal,Jamubani,101
Thakurmunda,Champajhar,Bhejidiha,56
Thakurmunda,Champajhar,Dangadiha,9
Thakurmunda,Champajhar,Diliganj,30
Thakurmunda,Champajhar,Dilliganj,1
Thakurmunda,Champajhar,Jamukhanjari,2
Thakurmunda,Champajhar,Kirkichipal,11
Thakurmunda,Champajhar,Kokanda,24
Thakurmunda,Champajhar,Mankadbeda,23
Thakurmunda,Champajhar,Patrapada,23
Thakurmunda,Champajhar,Sanbaliposi,11
Thakurmunda,Digdhar,Khuntaposi,20
Thakurmunda,Digdhar,Taramara,25
Thakurmunda,Hatigada,Khaparkhai,2
Thakurmunda,Hatigada,Sanmahuldiha,32
Thakurmunda,Hatigoda,Ghodabindha,85
Thakurmunda,Jarak,Dakeipal,21
Thakurmunda,Jarak,Jarak,24
Thakurmunda,Jarak,Kucheidihi,9
Thakurmunda,Jarak,Panaposi,33
Thakurmunda,Kendujiani,Dumuradiha,8
Thakurmunda,Kendujiani,Padhiarsahi,22
Thakurmunda,Kendujiani,Sarubali,4
Thakurmunda,Kendujuani,Cheratangar,9
Thakurmunda,Kendujuani,Dumurdiha,10
Thakurmunda,Kendujuani,Kendujuani,19
Thakurmunda,Kendujuani,Khuntakata,40
Thakurmunda,Kendujuani,Sarubil,10
Thakurmunda,Kesadiha,Kesadiha,17
Thakurmunda,Kesdiha,Badaliposi,37
Thakurmunda,Kesdiha,Badbaliposi,2
Thakurmunda,Kesdiha,Purunapani,8
Thakurmunda,Keshadiha,Badbaliposi,18
Thakurmunda,Keshadiha,Balbaliposi,4
Thakurmunda,Keshadiha,Keshadiha,17
Thakurmunda,Khandabandh,Baliposi,7
Thakurmunda,Padiabeda,Ambabeda,22
Thakurmunda,Padiabeda,Boring,36
Thakurmunda,Padiabeda,Kalasira,9
Thakurmunda,Padiabeda,Padiabeda,31
Thakurmunda,Padiabeda,Sanarugudibeda,8
Thakurmunda,Salachua,Duarsuni,36
Thakurmunda,Salchua,Baghamara (Baunsapani),10
Thakurmunda,Salchua,Balidhia,9
Thakurmunda,Salchua,Baunsapani,30
Thakurmunda,Salchua,Kundei,50
Thakurmunda,Salchua,Salchua,67
Thakurmunda,Saleibeda,Badmahuldiha,28
Thakurmunda,Saleibeda,Kasibeda,22
Thakurmunda,Saleibeda,Rugudisahi,10
Thakurmunda,Satkosia,Duarsuni,78
Thakurmunda,Satkosia,Satkosia,103
Thakurmunda,Talapada,Khadipal,10
Thakurmunda,Thakurmu nda,Rugudi beda,2
Thakurmunda,Thakurmunda,(Khejuria),1
Thakurmunda,Thakurmunda,Chamakpur,30
Thakurmunda,Thakurmunda,Khamdiha,68
Thakurmunda,Thakurmunda,Khejuria,5
Thakurmunda,Thakurmunda,Panasdiha,31
Thakurmunda,Thakurmunda,Rugudibeda,51
Thakurmunda,Thakurmunda,Sudarsanpur,1
Thakurmunda,Thakurmunda,Thakurmunda,3
Tiring,Bad Dalima,Bad Dalima,3
Tiring,Bad Dalima,Mankididihi,9
Tiring,Badadalima,Damadihi,1
Tiring,Badalima,Balia Sahi,23
Tiring,Badalima,Baliasahi,10
Tiring,Badalima,Dalajodi,6
Tiring,Badalima,Dama Dihi,10
Tiring,Baddalima,Balia Sahi,1
Tiring,Baddalima,Dama Dihi,2
Tiring,Badnarani,Badnarani,2
Tiring,Badnarani,Chandri,6
Tiring,Badnarani,Deogan,4
Tiring,Badnarani,Deugan,4
Tiring,Badnarani,Maghua,1
Tiring,Badnarani,Matkamdihi,4
Tiring,Badnarani,Sindirighutu,3
Tiring,Badnarani,Tudukam,1
Tiring,Badnarini,Badnarini,2
Tiring,Gitilata,Baladpada,29
Tiring,Gitilata,Gitilata,15
Tiring,Gitilata,Jadunathpur,8
Tiring,Gitilata,Sankumrum,14
Tiring,Kulughutu,Barudihi,35
Tiring,Kulughutu,Kulughutu,5
Tiring,Lupung,Bholagadia,11
Tiring,Lupung,Dubulabeda,4
Tiring,Lupung,Hensadihi,14
Tiring,Lupung,Henseldihi,7
Tiring,Lupung,Lupung,3
Tiring,Lupung,Pandhada,2
Tiring,Lupung,Raibadi,6
Tiring,Naranpur,Raghunathpur,1
Tiring,Narayanpur,Raghunathpur,10
Tiring,Narayanpur,Satpuri,10
Tiring,Pandupani,Badgobra,9
Tiring,Pandupani,Jota,29
Tiring,Rengalbeda,Bhagabandi,10
Tiring,Rengalbeda,Sandalima,4
Tiring,Sanbhundu,Badbhundu,4
Tiring,Sanbhundu,Bankati,2
Tiring,Sanbhundu,Changua,3
Tiring,Sanbhundu,Talsa,16
Tiring,Tiring,Badasiajang,7
Udala,Badakhaman,Anantapur,20
Udala,Badakhaman,Kutling,54
Udala,Badakhaman,Manikpur,83
Udala,Badasingaria,Adapal,10
Udala,Badasingaria,Kuanrpal,26
Udala,Badasingaria,Kunarpal,50
Udala,Badasingaria,Pagadadar,42
Udala,Badasingharia,Ambadiha,82
Udala,Badkhaman,Anantapur,28
Udala,Badkhaman,Badkhaman,30
Udala,Badkhaman,Kutling,42
Udala,Badkhaman,Kutling (Phuljhari),20
Udala,Badkhaman,Manikpur,31
Udala,Badsingaria,Angarpada,86
Udala,Badsingaria,Badsingaria,132
Udala,Badsingaria,Dugudha,64
Udala,Badsingaria,Kuanrpal,161
Udala,Badsingaria,Kuanrpal (Nuasahi),24
Udala,Badsingaria,Kunarpal (Nuasahi),17
Udala,Badsingaria,Sanpokhari,24
Udala,Badsingaria,Sansingaria,6
Udala,Bahbandh,Kanakapada,17
Udala,Bahubandh,Bahubandh,110
Udala,Bahubandh,Nabara,28
Udala,Bahubandh,Salamundali,44
Udala,Bahubandh,Urmal,74
Udala,Khaladi,Beguniadiha,23
Udala,Khaladi,Chuliaposi,48
Udala,Khaladi,Dutikadeipur,36
Udala,Khaladi,Jualia,49
Udala,Khaladi,Kainsari,28
Udala,Khaladi,Naraharipur,30
Udala,Khaladi,Patpur,6
Udala,Khaladi,Raidandia,48
Udala,Khaladi,Rangamatia,57
Udala,Kochiladiha,Bairatpur,72
Udala,Kochiladiha,Kochiladiha,146
Udala,Kochiladiha,Manidi,68
Udala,Kundabai,Balabhadrapur,48
Udala,Kundabai,Kundabai,59
Udala,Kutling,Udala,26
Udala,Nuagan,(Phulbadia),6
Udala,Nuagan,Jamudiha,246
Udala,Nuagan,Nuagan,10
Udala,Patsanipur,Ambikadeipur,82
Udala,Patsanipur,"Ambikadeipur
(Baniadhar)",11
Udala,Patsanipur,Ambikadeipur (Baniadhar),32
Udala,Patsanipur,Ambikadeipur (Hatikut),83
Udala,Patsanipur,Barahmpur,15
Udala,Patsanipur,Chandrapur,105
Udala,Patsanipur,Kasikundal,4
Udala,Patsanipur,Khaladi,54
Udala,Patsanipur,Tentala,74
Udala,Radho,Mauda,13
Udala,S.C. Pur,Adipur,22
Udala,S.C. Pur,Balichatra,29
Udala,S.C. Pur,Balichhatra,1
Udala,S.C. Pur,Damasahi,10
Udala,S.C. Pur,Matihudi,12
Udala,S.C. Pur,Musakhai,32
Udala,S.C. Pur,Rajabasa,34
Udala,S.C. Pur,S.C. Pur,11
Udala,S.C.Pur,Chadada,62
Udala,S.C.Pur,Hatasahi,2
Udala,SC Pur,Balichatra,30
Udala,SC Pur,Balichhatra,2
Udala,SC Pur,Uper Taldida,154
Udala,SC Pur,Upper Taldida,8
karanjia,Bado Deuli,Sorodha,1
karanjia,Bala,Bala,9
karanjia,Bala,Diajodi,2
karanjia,Chitraposi,Murgapato,1
karanjia,Dari,Madarangajodi,2
karanjia,Kerokera,Kerokera,1
karanjia,Rasamatala,Kadambeda,7
karanjia,Rasamatala,Kuduma,17
pur,Nalagaja,Bhakasole,1
pur,Nalagaja,Sunakania,1
